代码,简称,日期,前收盘价(元),开盘价(元),最高价(元),最低价(元),收盘价(元),成交量(股),成交金额(元),涨跌(元),涨跌幅(%),均价(元),换手率(%),A股流通市值(元),B股流通市值(元),总市值(元),A股流通股本(股),B股流通股本(股),总股本(股),市盈率,市净率,市销率,市现率,
603223.SH,恒通股份,2015-06-30,N/A,11.97,11.97,11.97,11.97,17098,204663,N/A,N/A,11.97,0.057,359100000,N/A,1436400000,30000000,0,120000000,29.3621,4.3693,1.1825,169.9681,
603223.SH,恒通股份,2015-07-01,11.97,13.17,13.17,13.17,13.17,2999,39497,1.2,10.0251,13.1701,0.01,395100000,N/A,1580400000,30000000,0,120000000,32.3057,4.8073,1.3011,187.0075,
603223.SH,恒通股份,2015-07-02,13.17,14.49,14.49,14.49,14.49,20800,301392,1.32,10.0228,14.49,0.0693,434700000,N/A,1738800000,30000000,0,120000000,35.5436,5.2892,1.4315,205.7508,
603223.SH,恒通股份,2015-07-03,14.49,15.94,15.94,15.94,15.94,124113,1978361,1.45,10.0069,15.94,0.4137,478200000,N/A,1912800000,30000000,0,120000000,39.1004,5.8184,1.5747,226.3401,
603223.SH,恒通股份,2015-07-06,15.94,17.53,17.53,17.53,17.53,135971,2383572,1.59,9.9749,17.53,0.4532,525900000,N/A,2103600000,30000000,0,120000000,43.0007,6.3988,1.7318,248.9173,
603223.SH,恒通股份,2015-07-07,17.53,19.28,19.28,18.28,19.28,14268695,274156949,1.75,9.9829,19.2139,47.5623,578400000,N/A,2313600000,30000000,0,120000000,47.2934,7.0376,1.9047,273.7664,
603223.SH,恒通股份,2015-07-08,19.28,17.35,19.28,17.35,17.35,15848135,279260921,-1.93,-10.0104,17.6211,52.8271,520500000,N/A,2082000000,30000000,0,120000000,42.5591,6.3331,1.714,246.3614,
603223.SH,恒通股份,2015-07-09,17.35,15.65,19.09,15.65,19.09,6895769,124708956,1.74,10.0288,18.0849,22.9859,572700000,N/A,2290800000,30000000,0,120000000,46.8273,6.9683,1.8859,271.0685,
603223.SH,恒通股份,2015-07-10,19.09,21,21,21,21,299900,6297900,1.91,10.0052,21,0.9997,630000000,N/A,2520000000,30000000,0,120000000,51.5125,7.6654,2.0746,298.1896,
603223.SH,恒通股份,2015-07-13,21,23.1,23.1,23.1,23.1,231858,5355920,2.1,10,23.1,0.7729,693000000,N/A,2772000000,30000000,0,120000000,56.6637,8.432,2.2821,328.0085,
603223.SH,恒通股份,2015-07-14,23.1,25.41,25.41,24.5,25.41,7090607,180088308,2.31,10,25.3982,23.6354,762300000,N/A,3049200000,30000000,0,120000000,62.3301,9.2752,2.5103,360.8094,
603223.SH,恒通股份,2015-07-15,25.41,26.8,27.95,22.9,24.58,20092006,522747841,-0.83,-3.2664,26.0177,66.9734,737400000,N/A,2949600000,30000000,0,120000000,60.2941,8.9722,2.4283,349.0238,
603223.SH,恒通股份,2015-07-16,24.58,22.12,25.08,22.12,22.65,12871770,298243254,-1.93,-7.8519,23.1703,42.9059,679500000,N/A,2718000000,30000000,0,120000000,55.5599,8.2677,2.2376,321.6188,
603223.SH,恒通股份,2015-07-17,22.65,22.67,24.57,21.41,24.26,10880395,251011638,1.61,7.1082,23.0701,36.268,727800000,N/A,2911200000,30000000,0,120000000,59.5092,8.8554,2.3967,344.48,
603223.SH,恒通股份,2015-07-20,24.26,23.6,25.21,23,23.53,8690202,208711803,-0.73,-3.0091,24.0169,28.9673,705900000,N/A,2823600000,30000000,0,120000000,57.7185,8.589,2.3246,334.1143,
603223.SH,恒通股份,2015-07-21,23.53,22.8,25.88,22.5,25.87,10606970,260567624,2.34,9.9448,24.5657,35.3566,776100000,N/A,3104400000,30000000,0,120000000,63.4585,9.4431,2.5557,367.3412,
603223.SH,恒通股份,2015-07-22,25.87,25,26.18,24.7,25.28,8561760,216813396,-0.59,-2.2806,25.3235,28.5392,758400000,N/A,3033600000,30000000,0,120000000,62.0112,9.2277,2.4974,358.9635,
603223.SH,恒通股份,2015-07-23,25.28,25.1,27.81,25.05,27.81,5345208,141632645,2.53,10.0079,26.4971,17.8174,834300000,N/A,3337200000,30000000,0,120000000,68.2172,10.1512,2.7474,394.8882,
603223.SH,恒通股份,2015-07-24,27.81,30.11,30.59,29.7,30.59,12006894,366378963,2.78,9.9964,30.514,40.023,917700000,N/A,3670800000,30000000,0,120000000,75.0365,11.166,3.022,434.3628,
603223.SH,恒通股份,2015-07-27,30.59,31.68,33.65,31,31.63,13068598,432770087,1.04,3.3998,33.1153,43.562,948900000,N/A,3795600000,30000000,0,120000000,77.5876,11.5456,3.1248,449.1303,
603223.SH,恒通股份,2015-07-28,31.63,28.49,34.48,28.47,33.6,16253422,517701474,1.97,6.2283,31.8518,54.1781,1008000000,N/A,4032000000,30000000,0,120000000,82.42,12.2647,3.3194,477.1033,
603223.SH,恒通股份,2015-07-29,33.6,33.59,36.96,32.99,36.96,14484500,509288804,3.36,10,35.161,48.2817,1108800000,N/A,4435200000,30000000,0,120000000,90.662,13.4912,3.6513,524.8137,
603223.SH,恒通股份,2015-07-30,36.96,39,40.66,34.8,39.98,14234407,570732677,3.02,8.171,40.0953,47.448,1199400000,N/A,4797600000,30000000,0,120000000,98.07,14.5936,3.9497,567.6962,
603223.SH,恒通股份,2015-07-31,39.98,37.7,43.98,36.7,43.98,16458328,687631422,4,10.005,41.7802,54.8611,1319400000,N/A,5277600000,30000000,0,120000000,107.8819,16.0536,4.3448,624.4942,
603223.SH,恒通股份,2015-08-03,43.98,45.88,48.38,41.78,48.38,13397386,623400617,4.4,10.0045,46.5315,44.658,1451400000,N/A,5805600000,30000000,0,120000000,118.6749,17.6597,4.7795,686.972,
603223.SH,恒通股份,2015-08-04,48.38,50.2,53.22,43.54,43.54,18112417,844385477,-4.84,-10.0041,46.6191,60.3747,1306200000,N/A,5224800000,30000000,0,120000000,106.8025,15.893,4.3014,618.2464,
603223.SH,恒通股份,2015-08-05,43.54,39.6,47.5,39.19,45.21,16097368,698080562,1.67,3.8356,43.3661,53.6579,1356300000,N/A,5425200000,30000000,0,120000000,110.899,16.5026,4.4664,641.9596,
603223.SH,恒通股份,2015-08-06,45.21,42.9,44,40.69,40.69,12168668,506331141,-4.52,-9.9978,41.6094,40.5622,1220700000,N/A,4882800000,30000000,0,120000000,99.8116,14.8527,4.0198,577.7778,
603223.SH,恒通股份,2015-08-07,40.69,39.27,41.5,37.51,38.53,10503912,411159435,-2.16,-5.3084,39.1435,35.013,1155900000,N/A,4623600000,30000000,0,120000000,94.5131,14.0643,3.8064,547.1069,
603223.SH,恒通股份,2015-08-10,38.53,38.53,41,37.9,39.65,9478136,374196120,1.12,2.9068,39.4799,31.5938,1189500000,N/A,4758000000,30000000,0,120000000,97.2605,14.4731,3.9171,563.0103,
603223.SH,恒通股份,2015-08-11,39.65,39.3,41.5,39.01,39.9,8553133,344701162,0.25,0.6305,40.3012,28.5104,1197000000,N/A,4788000000,30000000,0,120000000,97.8737,14.5644,3.9418,566.5602,
603223.SH,恒通股份,2015-08-12,39.9,39.21,39.23,36.38,36.79,7839390,297481219,-3.11,-7.7945,37.947,26.1313,1103700000,N/A,4414800000,30000000,0,120000000,90.245,13.4291,3.6345,522.3998,
603223.SH,恒通股份,2015-08-13,36.79,36.61,38.3,36.16,37.83,6021087,225918251,1.04,2.8269,37.5212,20.0703,1134900000,N/A,4539600000,30000000,0,120000000,92.7961,13.8088,3.7373,537.1672,
603223.SH,恒通股份,2015-08-14,37.83,38.5,40.5,37,39.78,8859243,341655306,1.95,5.1546,38.5648,29.5308,1193400000,N/A,4773600000,30000000,0,120000000,97.5794,14.5206,3.9299,564.8563,
603223.SH,恒通股份,2015-08-17,39.78,38.68,39.3,36.6,36.69,6123930,229787062,-3.09,-7.7677,37.5228,20.4131,1100700000,N/A,4402800000,30000000,0,120000000,89.9997,13.3926,3.6247,520.9798,
603223.SH,恒通股份,2015-08-18,36.69,36.08,38.5,33.04,33.92,6833091,249424676,-2.77,-7.5497,36.5025,22.777,1017600000,N/A,4070400000,30000000,0,120000000,83.2049,12.3815,3.351,481.6472,
603223.SH,恒通股份,2015-08-19,33.92,33.01,34.84,30.71,33.76,5995488,196536401,-0.16,-0.4717,32.7807,19.985,1012800000,N/A,4051200000,30000000,0,120000000,82.8124,12.3231,3.3352,479.3753,
603223.SH,恒通股份,2015-08-20,33.76,32.91,33.12,30.38,30.38,4251141,135641125,-3.38,-10.0118,31.907,14.1705,911400000,N/A,3645600000,30000000,0,120000000,74.5214,11.0893,3.0013,431.381,
603223.SH,恒通股份,2015-08-21,30.38,29.8,29.81,27.34,27.35,4448921,127082487,-3.03,-9.9737,28.5648,14.8297,820500000,N/A,3282000000,30000000,0,120000000,67.0889,9.9833,2.7019,388.3564,
603223.SH,恒通股份,2015-08-24,27.35,26.01,26.08,24.62,24.62,3204201,79908641,-2.73,-9.9817,24.9387,10.6807,738600000,N/A,2954400000,30000000,0,120000000,60.3923,8.9868,2.4322,349.5918,
603223.SH,恒通股份,2015-08-25,24.62,22.75,26.74,22.16,22.46,7342134,174959380,-2.16,-8.7734,23.8295,24.4738,673800000,N/A,2695200000,30000000,0,120000000,55.0938,8.1984,2.2189,318.9209,
603223.SH,恒通股份,2015-08-26,22.46,23.2,24.71,22.91,24.71,4441864,107309858,2.25,10.0178,24.1587,14.8062,741300000,N/A,2965200000,30000000,0,120000000,60.613,9.0197,2.4411,350.8698,
603223.SH,恒通股份,2015-08-27,24.71,27.18,27.18,26.5,27.18,9604790,260122724,2.47,9.996,27.0826,32.016,815400000,N/A,3261600000,30000000,0,120000000,66.6719,9.9213,2.6851,385.9425,
603223.SH,恒通股份,2015-08-28,27.18,29,29.9,28.5,29.9,6793480,201329862,2.72,10.0074,29.6357,22.6449,897000000,N/A,3588000000,30000000,0,120000000,73.344,10.9141,2.9539,424.5652,
603223.SH,恒通股份,2015-08-31,29.9,31,32.89,28.57,30.42,11365673,355346875,0.52,1.7391,31.2649,37.8856,912600000,N/A,3650400000,30000000,0,120000000,74.6195,11.104,3.0052,431.9489,
603223.SH,恒通股份,2015-09-01,30.42,28.9,33.46,28.61,33.46,15504163,494698088,3.04,9.9934,31.9074,51.6805,1003800000,N/A,4015200000,30000000,0,120000000,82.0766,12.2136,3.3056,475.1154,
603223.SH,恒通股份,2015-09-02,33.46,30.15,36.3,30.11,30.11,16861565,551315927,-3.35,-10.012,32.6966,56.2052,903300000,N/A,3613200000,30000000,0,120000000,73.8591,10.9908,2.9746,427.5471,
603223.SH,恒通股份,2015-09-07,30.11,28.5,31.68,27.1,27.1,11907653,345648561,-3.01,-9.9967,29.0274,39.6922,813000000,N/A,3252000000,30000000,0,120000000,66.4756,9.8921,2.6772,384.8066,
603223.SH,恒通股份,2015-09-08,27.1,27.01,29.81,25.11,29.81,10701246,309706398,2.71,10,28.9412,35.6708,894300000,N/A,3577200000,30000000,0,120000000,73.1232,10.8813,2.945,423.2872,
603223.SH,恒通股份,2015-09-09,29.81,31.81,32.79,30.51,32.79,15660423,504767270,2.98,9.9966,32.232,52.2014,983700000,N/A,3934800000,30000000,0,120000000,80.4331,11.9691,3.2394,465.6017,
603223.SH,恒通股份,2015-09-10,32.79,30.9,33.79,30.06,30.51,12151674,386369724,-2.28,-6.9533,31.7956,40.5056,915300000,N/A,3661200000,30000000,0,120000000,74.8403,11.1368,3.0141,433.2269,
603223.SH,恒通股份,2015-09-11,30.51,29.85,33.15,29.3,31.88,9900027,307678863,1.37,4.4903,31.0786,33.0001,956400000,N/A,3825600000,30000000,0,120000000,78.2009,11.6369,3.1495,452.6802,
603223.SH,恒通股份,2015-09-14,31.88,31.78,35.07,30.68,35.07,17399525,601121413,3.19,10.0063,34.5482,57.9984,1052100000,N/A,4208400000,30000000,0,120000000,86.0258,12.8013,3.4646,497.9766,
603223.SH,恒通股份,2015-09-15,35.07,32,34.73,31.56,31.56,14323060,467903268,-3.51,-10.0086,32.6678,47.7435,946800000,N/A,3787200000,30000000,0,120000000,77.4159,11.5201,3.1179,448.1364,
603223.SH,恒通股份,2015-09-16,31.56,31.6,34.72,31.6,34.72,16330071,560345561,3.16,10.0127,34.3137,54.4336,1041600000,N/A,4166400000,30000000,0,120000000,85.1673,12.6735,3.43,493.0068,
603223.SH,恒通股份,2015-09-17,34.72,36,36.93,34.51,34.96,18179814,653642662,0.24,0.6912,35.9543,60.5994,1048800000,N/A,4195200000,30000000,0,120000000,85.756,12.7611,3.4537,496.4147,
603223.SH,恒通股份,2015-09-18,34.96,33.7,35.98,32.88,34.38,9474182,325799577,-0.58,-1.659,34.3881,31.5806,1031400000,N/A,4125600000,30000000,0,120000000,84.3333,12.5494,3.3964,488.179,
603223.SH,恒通股份,2015-09-21,34.38,33.36,37,32.5,36.92,10795364,374765698,2.54,7.388,34.7154,35.9845,1107600000,N/A,4430400000,30000000,0,120000000,90.5638,13.4766,3.6474,524.2457,
603223.SH,恒通股份,2015-09-22,36.92,36,38.5,36,37.63,12343093,460628578,0.71,1.9231,37.3187,41.1436,1128900000,N/A,4515600000,30000000,0,120000000,92.3055,13.7358,3.7175,534.3273,
603223.SH,恒通股份,2015-09-23,37.63,36,39,36,36.26,10067275,375997794,-1.37,-3.6407,37.3485,33.5576,1087800000,N/A,4351200000,30000000,0,120000000,88.9449,13.2357,3.5822,514.874,
603223.SH,恒通股份,2015-09-24,36.26,35.58,37.33,35,35.43,7988620,286106815,-0.83,-2.289,35.8143,26.6287,1062900000,N/A,4251600000,30000000,0,120000000,86.9089,12.9327,3.5002,503.0884,
603223.SH,恒通股份,2015-09-25,35.43,35.5,36.63,32,32.57,7284216,249174689,-2.86,-8.0723,34.2075,24.2807,977100000,N/A,3908400000,30000000,0,120000000,79.8934,11.8887,3.2176,462.4778,
603223.SH,恒通股份,2015-09-28,32.57,33,35,33,33.97,5629545,190876289,1.4,4.2984,33.9062,18.7651,1019100000,N/A,4076400000,30000000,0,120000000,83.3276,12.3998,3.3559,482.3571,
603223.SH,恒通股份,2015-09-29,33.97,33,33.2,32,32.28,5022447,162864617,-1.69,-4.975,32.4273,16.7415,968400000,N/A,3873600000,30000000,0,120000000,79.182,11.7829,3.189,458.36,
603223.SH,恒通股份,2015-09-30,32.28,32.93,33.5,31.7,32.01,3457562,111587303,-0.27,-0.8364,32.2734,11.5252,960300000,N/A,3841200000,30000000,0,120000000,78.5197,11.6843,3.1623,454.5261,
603223.SH,恒通股份,2015-10-08,32.01,33.5,34.65,32.51,33.8,5471773,183598518,1.79,5.592,33.5538,18.2392,1014000000,N/A,4056000000,30000000,0,120000000,82.9106,12.3377,3.3391,479.9432,
603223.SH,恒通股份,2015-10-09,33.8,33.12,36.6,32.8,36.13,10610944,373777242,2.33,6.8935,35.2256,35.3698,1083900000,N/A,4335600000,30000000,0,120000000,88.626,13.1882,3.5693,513.0281,
603223.SH,恒通股份,2015-10-12,36.13,36.13,38.13,35,37.54,10605146,390843045,1.41,3.9026,36.8541,35.3505,1126200000,N/A,4504800000,30000000,0,120000000,92.0847,13.7029,3.7086,533.0494,
603223.SH,恒通股份,2015-10-13,37.54,36.9,37.1,36.4,36.74,6457833,237223860,-0.8,-2.1311,36.7343,21.5261,1102200000,N/A,4408800000,30000000,0,120000000,90.1223,13.4109,3.6296,521.6898,
603223.SH,恒通股份,2015-10-14,36.74,36.3,38.54,35.88,35.97,6153986,227633918,-0.77,-2.0958,36.9897,20.5133,1079100000,N/A,4316400000,30000000,0,120000000,88.2335,13.1298,3.5535,510.7562,
603223.SH,恒通股份,2015-10-15,35.97,35.2,37.3,35.2,37.02,6160846,224202687,1.05,2.9191,36.3915,20.5362,1110600000,N/A,4442400000,30000000,0,120000000,90.8091,13.5131,3.6573,525.6656,
603223.SH,恒通股份,2015-10-16,37.02,37.58,37.58,36,36.41,5693243,208201514,-0.61,-1.6478,36.5699,18.9775,1092300000,N/A,4369200000,30000000,0,120000000,89.3128,13.2904,3.597,517.004,
603223.SH,恒通股份,2015-10-19,36.41,36.43,39.85,36.43,38.2,10261681,390311972,1.79,4.9162,38.0359,34.2056,1146000000,N/A,4584000000,30000000,0,120000000,93.7037,13.9438,3.7738,542.4211,
603223.SH,恒通股份,2015-10-20,38.2,37.5,38.05,36.5,37.94,6559138,244276633,-0.26,-0.6806,37.2422,21.8638,1138200000,N/A,4552800000,30000000,0,120000000,93.0659,13.8489,3.7481,538.7292,
603223.SH,恒通股份,2015-10-21,37.94,37.98,38.28,34.15,34.15,6289651,226895163,-3.79,-9.9895,36.0744,20.9655,1024500000,N/A,4098000000,30000000,0,120000000,83.7691,12.4655,3.3737,484.9131,
603223.SH,恒通股份,2015-10-22,34.15,33.4,34.95,32.5,34.6,6411126,217926698,0.45,1.3177,33.992,21.3704,1038000000,N/A,4152000000,30000000,0,120000000,84.8729,12.6297,3.4182,491.3029,
603223.SH,恒通股份,2015-10-23,34.6,34.42,35.2,33.61,34.28,5465384,187714572,-0.32,-0.9249,34.3461,18.2179,1028400000,N/A,4113600000,30000000,0,120000000,84.088,12.5129,3.3866,486.759,
603223.SH,恒通股份,2015-10-26,34.28,34.8,35.2,33.81,34.39,4372950,151135172,0.11,0.3209,34.5614,14.5765,1031700000,N/A,4126800000,30000000,0,120000000,84.3578,12.5531,3.3974,488.321,
603223.SH,恒通股份,2015-10-27,34.39,34.2,37.83,33.9,37.83,11228628,419613874,3.44,10.0029,37.37,37.4288,1134900000,N/A,4539600000,30000000,0,120000000,92.7961,13.8088,3.7373,537.1672,
603223.SH,恒通股份,2015-10-28,37.83,37.84,40.6,37.2,38.4,15316756,597741036,0.57,1.5067,39.0253,51.0559,1152000000,N/A,4608000000,30000000,0,120000000,94.1943,14.0168,3.7936,545.261,
603223.SH,恒通股份,2015-10-29,38.4,37.2,38.49,36.35,37.54,7632947,283378057,-0.86,-2.2396,37.1256,25.4432,1126200000,N/A,4504800000,30000000,0,120000000,92.0847,13.7029,3.7086,533.0494,
603223.SH,恒通股份,2015-10-30,37.54,37,38.15,36.23,36.84,5996901,223808329,-0.7,-1.8647,37.3207,19.9897,1105200000,N/A,4420800000,30000000,0,120000000,90.3676,13.4474,3.6395,523.1097,
603223.SH,恒通股份,2015-11-02,36.84,35.05,39,34,37.72,8194766,306568325,0.88,2.3887,37.4103,27.3159,1131600000,N/A,4526400000,30000000,0,120000000,92.5262,13.7686,3.7264,535.6053,
603223.SH,恒通股份,2015-11-03,37.72,37.2,41.49,37.2,41.49,11769920,469538161,3.77,9.9947,39.8931,39.2331,1244700000,N/A,4978800000,30000000,0,120000000,101.7739,15.1447,4.0989,589.1375,
603223.SH,恒通股份,2015-11-04,41.49,43,43,40,42.09,14937924,617692427,0.6,1.4461,41.3506,49.7931,1262700000,N/A,5050800000,30000000,0,120000000,103.2457,15.3638,4.1581,597.6571,
603223.SH,恒通股份,2015-11-05,42.09,41,44.87,41,41.63,12157802,517650267,-0.46,-1.0929,42.5776,40.526,1248900000,N/A,4995600000,30000000,0,120000000,102.1174,15.1958,4.1127,591.1254,
603223.SH,恒通股份,2015-11-06,41.63,41.02,43.62,40.79,42.44,9803434,413654323,0.81,1.9457,42.1948,32.6781,1273200000,N/A,5092800000,30000000,0,120000000,104.1043,15.4915,4.1927,602.627,
603223.SH,恒通股份,2015-11-09,42.44,41.48,45.2,40.65,44.2,10824247,469100964,1.76,4.147,43.338,36.0808,1326000000,N/A,5304000000,30000000,0,120000000,108.4215,16.1339,4.3666,627.6181,
603223.SH,恒通股份,2015-11-10,44.2,43.2,44.2,41.2,42.16,8789356,374095304,-2.04,-4.6154,42.5623,29.2979,1264800000,N/A,5059200000,30000000,0,120000000,103.4174,15.3893,4.165,598.6511,
603223.SH,恒通股份,2015-11-11,42.16,42.17,45.5,41.25,44.58,10250025,446943640,2.42,5.74,43.6042,34.1668,1337400000,N/A,5349600000,30000000,0,120000000,109.3536,16.2727,4.4041,633.0139,
603223.SH,恒通股份,2015-11-12,44.58,44.66,49.01,43.9,46.89,11434146,533901542,2.31,5.1817,46.6936,38.1138,1406700000,N/A,5626800000,30000000,0,120000000,115.02,17.1159,4.6323,665.8148,
603223.SH,恒通股份,2015-11-13,46.89,45.9,45.9,42.2,42.2,9590331,415751219,-4.69,-10.0021,43.3511,31.9678,1266000000,N/A,5064000000,30000000,0,120000000,103.5156,15.4039,4.169,599.2191,
603223.SH,恒通股份,2015-11-16,42.2,40.1,41.89,39.75,41.47,4601763,188081201,-0.73,-1.7299,40.8716,15.3392,1244100000,N/A,4976400000,30000000,0,120000000,101.7249,15.1374,4.0969,588.8535,
603223.SH,恒通股份,2015-11-17,41.47,41.6,42.47,40.88,40.93,4250490,177124678,-0.54,-1.3021,41.6716,14.1683,1227900000,N/A,4911600000,30000000,0,120000000,100.4003,14.9403,4.0435,581.1857,
603223.SH,恒通股份,2015-11-18,40.93,40.6,41.87,38.75,39.29,4430707,179710294,-1.64,-4.0068,40.5602,14.769,1178700000,N/A,4714800000,30000000,0,120000000,96.3774,14.3417,3.8815,557.8985,
603223.SH,恒通股份,2015-11-19,39.29,39.8,40.88,39.2,40.82,3432205,137193623,1.53,3.8941,39.9724,11.4407,1224600000,N/A,4898400000,30000000,0,120000000,100.1305,14.9002,4.0327,579.6238,
603223.SH,恒通股份,2015-11-20,40.82,41.2,41.6,40.6,41.22,3720221,153003083,0.4,0.9799,41.1274,12.4007,1236600000,N/A,4946400000,30000000,0,120000000,101.1116,15.0462,4.0722,585.3036,
603223.SH,恒通股份,2015-11-23,41.22,41,41.85,40.01,40.24,3046293,124255836,-0.98,-2.3775,40.7892,10.1543,1207200000,N/A,4828800000,30000000,0,120000000,98.7077,14.6885,3.9754,571.3881,
603223.SH,恒通股份,2015-11-24,40.24,40.01,42,39.92,41.95,3933727,162582712,1.71,4.2495,41.3305,13.1124,1258500000,N/A,5034000000,30000000,0,120000000,102.9023,15.3126,4.1443,595.6692,
603223.SH,恒通股份,2015-11-25,41.95,41.78,41.88,41,41.66,3672274,152211185,-0.29,-0.6913,41.4488,12.2409,1249800000,N/A,4999200000,30000000,0,120000000,102.191,15.2068,4.1156,591.5513,
603223.SH,恒通股份,2015-11-26,41.66,41.72,43.49,41.2,41.57,4496983,190074051,-0.09,-0.216,42.267,14.9899,1247100000,N/A,4988400000,30000000,0,120000000,101.9702,15.1739,4.1068,590.2734,
603223.SH,恒通股份,2015-11-27,41.57,40.2,41.1,37.41,37.41,4419682,173719987,-4.16,-10.0072,39.306,14.7323,1122300000,N/A,4489200000,30000000,0,120000000,91.7658,13.6555,3.6958,531.2034,
603223.SH,恒通股份,2015-11-30,37.41,37.41,38,34.03,37.94,3851212,141112518,0.53,1.4167,36.6411,12.8374,1138200000,N/A,4552800000,30000000,0,120000000,93.0659,13.8489,3.7481,538.7292,
603223.SH,恒通股份,2015-12-01,37.94,37.96,39.08,37.1,38.46,3315117,126798290,0.52,1.3706,38.2485,11.0504,1153800000,N/A,4615200000,30000000,0,120000000,94.3414,14.0387,3.7995,546.1129,
603223.SH,恒通股份,2015-12-02,38.46,38.6,38.6,35,37,2247003,83230416,-1.46,-3.7962,37.0406,7.49,1110000000,N/A,4440000000,30000000,0,120000000,90.7601,13.5058,3.6553,525.3817,
603223.SH,恒通股份,2015-12-03,37,37.02,40,37.02,38.97,3751315,146044147,1.97,5.3243,38.9315,12.5044,1169100000,N/A,4676400000,30000000,0,120000000,95.5924,14.2249,3.8499,553.3547,
603223.SH,恒通股份,2015-12-04,38.97,38.89,39.84,38.1,38.63,3217089,125704942,-0.34,-0.8725,39.0741,10.7236,1158900000,N/A,4635600000,30000000,0,120000000,94.7584,14.1008,3.8163,548.5269,
603223.SH,恒通股份,2015-12-07,38.63,38.4,39.3,38.4,38.88,2197257,85476627,0.25,0.6472,38.9015,7.3242,1166400000,N/A,4665600000,30000000,0,120000000,95.3717,14.192,3.841,552.0767,
603223.SH,恒通股份,2015-12-08,38.88,38.5,39.8,38.31,39.34,3311470,130085188,0.46,1.1831,39.2832,11.0382,1180200000,N/A,4720800000,30000000,0,120000000,96.5,14.3599,3.8865,558.6085,
603223.SH,恒通股份,2015-12-09,39.34,39.51,43.27,39.35,41.54,8428768,355354443,2.2,5.5923,42.1597,28.0959,1246200000,N/A,4984800000,30000000,0,120000000,101.8966,15.163,4.1038,589.8474,
603223.SH,恒通股份,2015-12-10,41.54,39.88,40.8,38.8,39.13,5512030,217761482,-2.41,-5.8016,39.5066,18.3734,1173900000,N/A,4695600000,30000000,0,120000000,95.9849,14.2833,3.8657,555.6266,
603223.SH,恒通股份,2015-12-11,39.13,38.72,38.72,37.01,37.19,3148324,118437635,-1.94,-4.9578,37.6193,10.4944,1115700000,N/A,4462800000,30000000,0,120000000,91.2262,13.5751,3.674,528.0796,
603223.SH,恒通股份,2015-12-14,37.19,37.01,37.93,36.57,37.93,1773416,66390460,0.74,1.9898,37.4365,5.9114,1137900000,N/A,4551600000,30000000,0,120000000,93.0414,13.8453,3.7472,538.5872,
603223.SH,恒通股份,2015-12-15,37.93,37.92,38.78,37.9,38.39,1941251,74677260,0.46,1.2128,38.4686,6.4708,1151700000,N/A,4606800000,30000000,0,120000000,94.1697,14.0132,3.7926,545.119,
603223.SH,恒通股份,2015-12-16,38.39,38.45,39.55,38.24,38.94,2348175,91606554,0.55,1.4327,39.0118,7.8272,1168200000,N/A,4672800000,30000000,0,120000000,95.5189,14.2139,3.8469,552.9287,
603223.SH,恒通股份,2015-12-17,38.94,39.28,40.34,39.27,40.08,3085049,122871810,1.14,2.9276,39.8282,10.2835,1202400000,N/A,4809600000,30000000,0,120000000,98.3153,14.6301,3.9596,569.1161,
603223.SH,恒通股份,2015-12-18,40.08,39.9,40.26,38.81,39.06,2757829,108623893,-1.02,-2.5449,39.3875,9.1928,1171800000,N/A,4687200000,30000000,0,120000000,95.8132,14.2577,3.8588,554.6326,
603223.SH,恒通股份,2015-12-21,39.06,38.7,39.35,38.21,39.33,1537824,59785038,0.27,0.6912,38.8764,5.1261,1179900000,N/A,4719600000,30000000,0,120000000,96.4755,14.3563,3.8855,558.4665,
603223.SH,恒通股份,2015-12-22,39.33,39.5,39.99,39,39.98,2460140,97498630,0.65,1.6527,39.6313,8.2005,1199400000,N/A,4797600000,30000000,0,120000000,98.07,14.5936,3.9497,567.6962,
603223.SH,恒通股份,2015-12-23,39.98,40.49,43.98,40.16,40.81,6334882,266001116,0.83,2.076,41.9899,21.1163,1224300000,N/A,4897200000,30000000,0,120000000,100.1059,14.8965,4.0317,579.4818,
603223.SH,恒通股份,2015-12-24,40.81,39.62,41.68,39.62,41.28,4033841,164464780,0.47,1.1517,40.7713,13.4461,1238400000,N/A,4953600000,30000000,0,120000000,101.2588,15.0681,4.0781,586.1555,
603223.SH,恒通股份,2015-12-25,41.28,41.28,41.98,39.92,40.84,3186713,131241264,-0.44,-1.0659,41.1839,10.6224,1225200000,N/A,4900800000,30000000,0,120000000,100.1795,14.9075,4.0346,579.9078,
603223.SH,恒通股份,2015-12-28,40.84,40.86,41.3,38.9,39,3169502,127272376,-1.84,-4.5054,40.1553,10.565,1170000000,N/A,4680000000,30000000,0,120000000,95.666,14.2358,3.8529,553.7806,
603223.SH,恒通股份,2015-12-29,39,39.03,40.22,38.9,40.2,2093340,82998575,1.2,3.0769,39.6489,6.9778,1206000000,N/A,4824000000,30000000,0,120000000,98.6096,14.6739,3.9714,570.8201,
603223.SH,恒通股份,2015-12-30,40.2,40.48,40.6,39.88,40.18,1944331,78340775,-0.02,-0.0498,40.2919,6.4811,1205400000,N/A,4821600000,30000000,0,120000000,98.5605,14.6666,3.9694,570.5361,
603223.SH,恒通股份,2015-12-31,40.18,40.23,40.23,38.6,38.63,1824332,71464903,-1.55,-3.8576,39.1732,6.0811,1158900000,N/A,4635600000,30000000,0,120000000,94.7584,14.1008,3.8163,548.5269,
603223.SH,恒通股份,2016-01-04,38.63,38.2,38.62,34.77,34.77,1826776,66681573,-3.86,-9.9922,36.5023,6.0893,1043100000,N/A,4172400000,30000000,0,120000000,95.5084,7.1424,2.0629,87.7149,
603223.SH,恒通股份,2016-01-05,34.77,31.83,34.99,31.44,32.82,2534791,83974375,-1.95,-5.6083,33.1287,8.4493,984600000,N/A,3938400000,30000000,0,120000000,90.152,6.7418,1.9472,82.7956,
603223.SH,恒通股份,2016-01-06,32.82,33.08,35.34,32.88,35.11,2252770,76311293,2.29,6.9775,33.8744,7.5092,1053300000,N/A,4213200000,30000000,0,120000000,96.4423,7.2122,2.0831,88.5727,
603223.SH,恒通股份,2016-01-07,35.11,34.12,34.36,31.6,31.65,548600,18074234,-3.46,-9.8547,32.9461,1.8287,949500000,N/A,3798000000,30000000,0,120000000,86.9382,6.5015,1.8778,79.8441,
603223.SH,恒通股份,2016-01-08,31.65,32.7,33.38,29,31.48,2453083,77616856,-0.17,-0.5371,31.6405,8.1769,944400000,N/A,3777600000,30000000,0,120000000,86.4712,6.4666,1.8677,79.4152,
603223.SH,恒通股份,2016-01-11,31.48,30.5,31,28.33,28.33,2115807,62822728,-3.15,-10.0064,29.6921,7.0527,849900000,N/A,3399600000,30000000,0,120000000,77.8186,5.8195,1.6809,71.4686,
603223.SH,恒通股份,2016-01-12,28.33,28.34,29.3,27.35,29.08,2052544,58795395,0.75,2.6474,28.6451,6.8418,872400000,N/A,3489600000,30000000,0,120000000,79.8787,5.9736,1.7253,73.3607,
603223.SH,恒通股份,2016-01-13,29.08,29.1,29.63,27,27.11,1362651,39175338,-1.97,-6.7744,28.7494,4.5422,813300000,N/A,3253200000,30000000,0,120000000,74.4674,5.5689,1.6085,68.3909,
603223.SH,恒通股份,2016-01-14,27.11,26.33,28.45,25.7,28.23,1952032,53461217,1.12,4.1313,27.3875,6.5068,846900000,N/A,3387600000,30000000,0,120000000,77.5439,5.799,1.6749,71.2164,
603223.SH,恒通股份,2016-01-15,28.23,27.71,28.5,26.66,27.2,1622928,44917410,-1.03,-3.6486,27.6768,5.4098,816000000,N/A,3264000000,30000000,0,120000000,74.7146,5.5874,1.6138,68.618,
603223.SH,恒通股份,2016-01-18,27.2,26.8,28.65,26.02,28.29,1898991,53325283,1.09,4.0074,28.0809,6.33,848700000,N/A,3394800000,30000000,0,120000000,77.7087,5.8113,1.6785,71.3677,
603223.SH,恒通股份,2016-01-19,28.29,28.29,29.49,27.91,29.18,2094131,60058349,0.89,3.146,28.6794,6.9804,875400000,N/A,3501600000,30000000,0,120000000,80.1534,5.9941,1.7313,73.6129,
603223.SH,恒通股份,2016-01-20,29.18,28.91,29.48,28.59,28.86,1851267,53676127,-0.32,-1.0966,28.9943,6.1709,865800000,N/A,3463200000,30000000,0,120000000,79.2744,5.9284,1.7123,72.8057,
603223.SH,恒通股份,2016-01-21,28.86,28.46,29.28,27.2,27.31,1622110,46420410,-1.55,-5.3708,28.6173,5.407,819300000,N/A,3277200000,30000000,0,120000000,75.0168,5.61,1.6203,68.8955,
603223.SH,恒通股份,2016-01-22,27.31,27.84,28.16,27.02,27.69,1269634,35013719,0.38,1.3914,27.5778,4.2321,830700000,N/A,3322800000,30000000,0,120000000,76.0606,5.688,1.6429,69.8541,
603223.SH,恒通股份,2016-01-25,27.69,27.8,28.45,27.7,28.16,1208432,34017596,0.47,1.6974,28.1502,4.0281,844800000,N/A,3379200000,30000000,0,120000000,77.3516,5.7846,1.6708,71.0398,
603223.SH,恒通股份,2016-01-26,28.16,27.85,27.98,25.34,25.34,1735697,46409209,-2.82,-10.0142,26.7381,5.7857,760200000,N/A,3040800000,30000000,0,120000000,69.6055,5.2053,1.5035,63.9257,
603223.SH,恒通股份,2016-01-27,25.34,25.7,26.1,23.53,24.84,1477884,36237958,-0.5,-1.9732,24.5202,4.9263,745200000,N/A,2980800000,30000000,0,120000000,68.232,5.1026,1.4738,62.6643,
603223.SH,恒通股份,2016-01-28,24.84,24.69,24.69,23.29,23.34,1151237,27709217,-1.5,-6.0386,24.0691,3.8375,700200000,N/A,2800800000,30000000,0,120000000,64.1117,4.7945,1.3848,58.8803,
603223.SH,恒通股份,2016-01-29,23.34,23.51,24.65,23.3,24.59,1515462,36677621,1.25,5.3556,24.2023,5.0515,737700000,N/A,2950800000,30000000,0,120000000,67.5453,5.0512,1.459,62.0337,
603223.SH,恒通股份,2016-02-01,24.59,24.6,24.9,24.12,24.75,1025882,25194165,0.16,0.6507,24.5585,3.4196,742500000,N/A,2970000000,30000000,0,120000000,67.9848,5.0841,1.4684,62.4373,
603223.SH,恒通股份,2016-02-02,24.75,24.8,25.75,24.78,25.51,1156746,29447613,0.76,3.0707,25.4573,3.8558,765300000,N/A,3061200000,30000000,0,120000000,70.0724,5.2402,1.5135,64.3546,
603223.SH,恒通股份,2016-02-03,25.51,25.19,25.6,24.62,25.37,1080300,27032070,-0.14,-0.5488,25.0227,3.601,761100000,N/A,3044400000,30000000,0,120000000,69.6879,5.2115,1.5052,64.0014,
603223.SH,恒通股份,2016-02-04,25.37,25.38,26.56,25.38,26.17,1768147,46256921,0.8,3.1533,26.1612,5.8938,785100000,N/A,3140400000,30000000,0,120000000,71.8854,5.3758,1.5527,66.0196,
603223.SH,恒通股份,2016-02-05,26.17,26.17,26.38,25.66,25.7,1035746,26888704,-0.47,-1.7959,25.9607,3.4525,771000000,N/A,3084000000,30000000,0,120000000,70.5943,5.2793,1.5248,64.8339,
603223.SH,恒通股份,2016-02-15,25.7,24.51,25.6,24.24,25.46,798754,20085058,-0.24,-0.9339,25.1455,2.6625,763800000,N/A,3055200000,30000000,0,120000000,69.9351,5.23,1.5106,64.2284,
603223.SH,恒通股份,2016-02-16,25.46,25.47,26.99,25.47,26.66,1813962,48085445,1.2,4.7133,26.5085,6.0465,799800000,N/A,3199200000,30000000,0,120000000,73.2313,5.4765,1.5818,67.2557,
603223.SH,恒通股份,2016-02-17,26.66,26.66,27.39,26.51,27.18,1917662,51562297,0.52,1.9505,26.8881,6.3922,815400000,N/A,3261600000,30000000,0,120000000,74.6597,5.5833,1.6126,68.5675,
603223.SH,恒通股份,2016-02-18,27.18,27.25,27.7,26.87,26.89,2105096,57413480,-0.29,-1.067,27.2736,7.017,806700000,N/A,3226800000,30000000,0,120000000,73.8631,5.5237,1.5954,67.8359,
603223.SH,恒通股份,2016-02-19,26.89,26.82,27.3,26.65,27.2,1720966,46487718,0.31,1.1528,27.0126,5.7366,816000000,N/A,3264000000,30000000,0,120000000,74.7146,5.5874,1.6138,68.618,
603223.SH,恒通股份,2016-02-22,27.2,27.71,28.66,27.45,28.64,2721606,76397946,1.44,5.2941,28.0709,9.072,859200000,N/A,3436800000,30000000,0,120000000,78.6701,5.8832,1.6992,72.2507,
603223.SH,恒通股份,2016-02-23,28.64,28.5,30.35,28.39,29.5,3545315,104226572,0.86,3.0028,29.3984,11.8177,885000000,N/A,3540000000,30000000,0,120000000,81.0324,6.0598,1.7503,74.4202,
603223.SH,恒通股份,2016-02-24,29.5,29.49,30.1,29,29.98,2745509,81456866,0.48,1.6271,29.6691,9.1517,899400000,N/A,3597600000,30000000,0,120000000,82.3509,6.1584,1.7787,75.6311,
603223.SH,恒通股份,2016-02-25,29.98,29.54,29.85,27.26,27.87,2695434,77500117,-2.11,-7.038,28.7524,8.9848,836100000,N/A,3344400000,30000000,0,120000000,76.555,5.725,1.6536,70.3082,
603223.SH,恒通股份,2016-02-26,27.87,28.03,30.66,28.03,30.66,10061105,306279269,2.79,10.0108,30.4419,33.537,919800000,N/A,3679200000,30000000,0,120000000,84.2188,6.2981,1.8191,77.3466,
603223.SH,恒通股份,2016-02-29,30.66,29.79,33.02,27.59,32.72,9137880,266873096,2.06,6.7189,29.2051,30.4596,981600000,N/A,3926400000,30000000,0,120000000,89.8773,6.7213,1.9413,82.5434,
603223.SH,恒通股份,2016-03-01,32.72,30.98,32,29.45,30.4,8508255,261409797,-2.32,-7.0905,30.7243,28.3608,912000000,N/A,3648000000,30000000,0,120000000,83.5046,6.2447,1.8037,76.6907,
603223.SH,恒通股份,2016-03-02,30.4,29.87,31.96,28.5,31.32,6620637,201713851,0.92,3.0263,30.4674,22.0688,939600000,N/A,3758400000,30000000,0,120000000,86.0317,6.4337,1.8583,79.0116,
603223.SH,恒通股份,2016-03-03,31.32,31.08,31.5,30.05,30.09,4676767,143435153,-1.23,-3.9272,30.6697,15.5892,902700000,N/A,3610800000,30000000,0,120000000,82.653,6.181,1.7853,75.9086,
603223.SH,恒通股份,2016-03-04,30.09,29.51,29.94,27.08,27.14,4065247,114678985,-2.95,-9.8039,28.2096,13.5508,814200000,N/A,3256800000,30000000,0,120000000,74.5498,5.5751,1.6102,68.4666,
603223.SH,恒通股份,2016-03-07,27.14,27,28.1,27,27.46,2184671,60334887,0.32,1.1791,27.6174,7.2822,823800000,N/A,3295200000,30000000,0,120000000,75.4288,5.6408,1.6292,69.2739,
603223.SH,恒通股份,2016-03-08,27.46,27.58,27.65,26,27.57,2045782,54843825,0.11,0.4006,26.8082,6.8193,827100000,N/A,3308400000,30000000,0,120000000,75.731,5.6634,1.6358,69.5514,
603223.SH,恒通股份,2016-03-09,27.57,27,28.99,26.28,27.7,2586570,72356886,0.13,0.4715,27.9741,8.6219,831000000,N/A,3324000000,30000000,0,120000000,76.088,5.6901,1.6435,69.8793,
603223.SH,恒通股份,2016-03-10,27.7,27.64,28.05,26.64,26.83,1908887,51883732,-0.87,-3.1408,27.1801,6.363,804900000,N/A,3219600000,30000000,0,120000000,73.6983,5.5114,1.5919,67.6846,
603223.SH,恒通股份,2016-03-11,26.83,26.83,26.83,25.8,26.3,1314326,34579418,-0.53,-1.9754,26.3096,4.3811,789000000,N/A,3156000000,30000000,0,120000000,72.2424,5.4025,1.5604,66.3475,
603223.SH,恒通股份,2016-03-14,26.3,26.84,27.75,26.79,27.3,2414866,65916521,1,3.8023,27.2961,8.0496,819000000,N/A,3276000000,30000000,0,120000000,74.9893,5.6079,1.6197,68.8702,
603223.SH,恒通股份,2016-03-15,27.3,27.3,27.64,26.9,27.08,1630240,44343298,-0.22,-0.8059,27.2005,5.4341,812400000,N/A,3249600000,30000000,0,120000000,74.385,5.5627,1.6067,68.3152,
603223.SH,恒通股份,2016-03-16,27.08,27.15,27.5,26.3,26.38,1740196,46667412,-0.7,-2.5849,26.8173,5.8007,791400000,N/A,3165600000,30000000,0,120000000,72.4622,5.4189,1.5652,66.5493,
603223.SH,恒通股份,2016-03-17,26.38,26.52,27.38,26.42,27.32,2104631,56924204,0.94,3.5633,27.0471,7.0154,819600000,N/A,3278400000,30000000,0,120000000,75.0442,5.612,1.6209,68.9207,
603223.SH,恒通股份,2016-03-18,27.32,27.32,28.79,27.32,28.43,3235203,91311489,1.11,4.063,28.2243,10.784,852900000,N/A,3411600000,30000000,0,120000000,78.0933,5.84,1.6868,71.7209,
603223.SH,恒通股份,2016-03-21,28.43,28.38,29.2,28.38,29.15,3166219,91345181,0.72,2.5325,28.8499,10.5541,874500000,N/A,3498000000,30000000,0,120000000,80.071,5.988,1.7295,73.5373,
603223.SH,恒通股份,2016-03-22,29.15,28.65,31.96,28.65,31.05,5831906,177206295,1.9,6.518,30.3857,19.4397,931500000,N/A,3726000000,30000000,0,120000000,85.29,6.3782,1.8422,78.3304,
603223.SH,恒通股份,2016-03-23,31.05,30.33,30.95,29.95,30.7,3793980,115409334,-0.35,-1.1272,30.4191,12.6466,921000000,N/A,3684000000,30000000,0,120000000,84.3286,6.3063,1.8215,77.4475,
603223.SH,恒通股份,2016-03-24,30.7,30.18,30.58,29.43,29.51,2716172,81266547,-1.19,-3.8762,29.9195,9.0539,885300000,N/A,3541200000,30000000,0,120000000,81.0599,6.0619,1.7509,74.4454,
603223.SH,恒通股份,2016-03-25,29.51,29.21,30.12,29.21,29.76,1398248,41521310,0.25,0.8472,29.6952,4.6608,892800000,N/A,3571200000,30000000,0,120000000,81.7466,6.1133,1.7657,75.0761,
603223.SH,恒通股份,2016-03-28,29.76,30.1,30.49,29.1,29.17,2015619,60042669,-0.59,-1.9825,29.7887,6.7187,875100000,N/A,3500400000,30000000,0,120000000,80.1259,5.9921,1.7307,73.5877,
603223.SH,恒通股份,2016-03-29,29.17,29.08,29.29,27.68,28.06,1783447,50588246,-1.11,-3.8053,28.3654,5.9448,841800000,N/A,3367200000,30000000,0,120000000,77.0769,5.764,1.6648,70.7875,
603223.SH,恒通股份,2016-03-30,28.06,28.49,29.53,28.21,29.46,1949607,56446996,1.4,4.9893,28.953,6.4987,883800000,N/A,3535200000,30000000,0,120000000,80.9225,6.0516,1.7479,74.3193,
603223.SH,恒通股份,2016-03-31,29.46,29.76,30.96,29.5,30.79,4102893,124537707,1.33,4.5146,30.3536,13.6763,923700000,N/A,3694800000,30000000,0,120000000,84.5758,6.3248,1.8268,77.6745,
603223.SH,恒通股份,2016-04-01,30.79,33.87,33.87,32.18,32.68,9000083,296348709,1.89,6.1384,32.9273,30.0003,980400000,N/A,3921600000,30000000,0,120000000,89.7674,6.7131,1.9389,82.4425,
603223.SH,恒通股份,2016-04-05,32.68,32,32.97,31.57,32.26,5665812,182306486,-0.42,-1.2852,32.1766,18.886,967800000,N/A,3871200000,30000000,0,120000000,88.6137,6.6268,1.914,81.3829,
603223.SH,恒通股份,2016-04-06,32.26,32.25,32.25,31.5,31.98,3191652,101713317,-0.28,-0.8679,31.8685,10.6388,959400000,N/A,3837600000,30000000,0,120000000,87.8446,6.5693,1.8974,80.6766,
603223.SH,恒通股份,2016-04-07,31.98,32.19,32.3,31.61,31.79,2572621,82283715,-0.19,-0.5941,31.9844,8.5754,953700000,N/A,3814800000,30000000,0,120000000,87.3227,6.5303,1.8861,80.1972,
603223.SH,恒通股份,2016-04-08,31.79,31.25,31.27,29.86,30.43,3117196,95123446,-1.36,-4.2781,30.5157,10.3907,912900000,N/A,3651600000,30000000,0,120000000,83.587,6.2509,1.8054,76.7663,
603223.SH,恒通股份,2016-04-11,30.43,30.77,31.53,30.76,31.36,2355696,73673269,0.93,3.0562,31.2745,7.8523,940800000,N/A,3763200000,30000000,0,120000000,86.1416,6.4419,1.8606,79.1125,
603223.SH,恒通股份,2016-04-12,31.36,31.16,32.4,31.16,31.62,2532866,80329989,0.26,0.8291,31.7151,8.4429,948600000,N/A,3794400000,30000000,0,120000000,86.8557,6.4953,1.8761,79.7684,
603223.SH,恒通股份,2016-04-13,31.62,31.8,32.2,31.57,31.93,2517150,80591648,0.31,0.9804,32.017,8.3905,957900000,N/A,3831600000,30000000,0,120000000,87.7073,6.559,1.8944,80.5504,
603223.SH,恒通股份,2016-04-14,31.93,31.94,32.34,31.56,32.18,2102565,67190127,0.25,0.783,31.9563,7.0085,965400000,N/A,3861600000,30000000,0,120000000,88.394,6.6104,1.9093,81.1811,
603223.SH,恒通股份,2016-04-15,32.18,32.05,35.4,31.84,34.83,5418931,185700969,2.65,8.2349,34.2689,18.0631,1044900000,N/A,4179600000,30000000,0,120000000,95.6732,7.1547,2.0665,87.8663,
603223.SH,恒通股份,2016-04-18,34.83,33.5,34.46,32.82,33.23,3515855,117533220,-1.6,-4.5937,33.4295,11.7195,996900000,N/A,3987600000,30000000,0,120000000,91.2782,6.8261,1.9716,83.83,
603223.SH,恒通股份,2016-04-19,33.23,33.21,33.8,33.02,33.17,2047209,68206699,-0.06,-0.1806,33.3169,6.824,995100000,N/A,3980400000,30000000,0,120000000,91.1134,6.8137,1.968,83.6786,
603223.SH,恒通股份,2016-04-20,33.17,33.19,33.5,30,30.73,3211998,101101624,-2.44,-7.356,31.4762,10.7067,921900000,N/A,3687600000,30000000,0,120000000,84.411,6.3125,1.8232,77.5232,
603223.SH,恒通股份,2016-04-21,30.73,30.13,31,30,30.14,1618022,49587233,-0.59,-1.9199,30.6468,5.3934,904200000,N/A,3616800000,30000000,0,120000000,82.7904,6.1913,1.7882,76.0348,
603223.SH,恒通股份,2016-04-22,30.14,30.1,30.7,29.5,30.31,1398253,42106685,0.17,0.564,30.1138,4.6608,909300000,N/A,3637200000,30000000,0,120000000,83.2574,6.2262,1.7983,76.4636,
603223.SH,恒通股份,2016-04-25,30.31,30.02,30.68,29.7,30.47,1048850,31660462,0.16,0.5279,30.1859,3.4962,914100000,N/A,3656400000,30000000,0,120000000,83.6969,6.2591,1.8078,76.8672,
603223.SH,恒通股份,2016-04-26,30.47,30.47,30.76,30.1,30.62,1192775,36364683,0.15,0.4923,30.4875,3.9759,918600000,N/A,3674400000,30000000,0,120000000,84.1089,6.2899,1.8167,77.2457,
603223.SH,恒通股份,2016-04-27,30.62,30.93,30.98,30.6,30.74,1272862,39182196,0.12,0.3919,30.7828,4.2429,922200000,N/A,3688800000,30000000,0,120000000,84.4385,6.3146,1.8238,77.5484,
603223.SH,恒通股份,2016-04-28,30.74,30.11,30.77,29.8,30.56,1422950,43234525,-0.18,-0.5856,30.3837,4.7432,916800000,N/A,3667200000,30000000,0,120000000,83.9441,6.2776,1.8132,77.0943,
603223.SH,恒通股份,2016-04-29,30.56,29.99,30.27,29.75,30.02,1298426,38987499,-0.54,-1.767,30.0267,4.3281,900600000,N/A,3602400000,30000000,0,120000000,82.4608,6.1667,1.7811,75.732,
603223.SH,恒通股份,2016-05-03,30.02,29.85,30.98,29.85,30.92,1567402,48045948,0.9,2.998,30.6532,5.2247,927600000,N/A,3710400000,30000000,0,120000000,84.9329,6.3515,1.8345,78.0025,
603223.SH,恒通股份,2016-05-04,30.92,30.93,31.53,30.7,31.2,1606950,50194992,0.28,0.9056,31.2362,5.3565,936000000,N/A,3744000000,30000000,0,120000000,85.7021,6.4091,1.8511,78.7088,
603223.SH,恒通股份,2016-05-05,31.2,31.18,31.97,31.06,31.9,2145881,68023650,0.7,2.2436,31.6996,7.1529,957000000,N/A,3828000000,30000000,0,120000000,87.6249,6.5529,1.8927,80.4747,
603223.SH,恒通股份,2016-05-06,31.9,32,32.55,30,30.23,2304854,72238688,-1.67,-5.2351,31.342,7.6828,906900000,N/A,3627600000,30000000,0,120000000,83.0376,6.2098,1.7936,76.2618,
603223.SH,恒通股份,2016-05-09,30.23,30.2,30.2,28.26,28.65,1560550,45229080,-1.58,-5.2266,28.9828,5.2018,859500000,N/A,3438000000,30000000,0,120000000,78.6976,5.8852,1.6998,72.2759,
603223.SH,恒通股份,2016-05-10,28.65,28.79,28.95,28.31,28.69,1111324,31860332,0.04,0.1396,28.6688,3.7044,860700000,N/A,3442800000,30000000,0,120000000,78.8074,5.8935,1.7022,72.3768,
603223.SH,恒通股份,2016-05-11,28.69,28.76,29.2,27.86,27.92,1481948,41790641,-0.77,-2.6839,28.1998,4.9398,837600000,N/A,3350400000,30000000,0,120000000,76.6924,5.7353,1.6565,70.4343,
603223.SH,恒通股份,2016-05-12,27.92,27.52,27.73,26.75,27.63,1330133,36352621,-0.29,-1.0387,27.3301,4.4338,828900000,N/A,3315600000,30000000,0,120000000,75.8958,5.6757,1.6393,69.7027,
603223.SH,恒通股份,2016-05-13,27.63,27.7,28,27.4,27.8,828950,23038157,0.17,0.6153,27.792,2.7632,834000000,N/A,3336000000,30000000,0,120000000,76.3627,5.7106,1.6494,70.1316,
603223.SH,恒通股份,2016-05-16,27.8,27.8,28.29,27.24,28.2,1028931,28713189,0.4,1.4388,27.9058,3.4298,846000000,N/A,3384000000,30000000,0,120000000,77.4615,5.7928,1.6731,71.1407,
603223.SH,恒通股份,2016-05-17,28.2,28.29,28.5,27.96,28.24,739555,20929006,0.04,0.1418,28.2995,2.4652,847200000,N/A,3388800000,30000000,0,120000000,77.5714,5.801,1.6755,71.2416,
603223.SH,恒通股份,2016-05-18,28.24,28,28.14,26.23,27.16,903318,24679196,-1.08,-3.8244,27.3206,3.0111,814800000,N/A,3259200000,30000000,0,120000000,74.6047,5.5792,1.6114,68.5171,
603223.SH,恒通股份,2016-05-19,27.16,27.14,27.79,26.66,27.07,752924,20647635,-0.09,-0.3314,27.4233,2.5097,812100000,N/A,3248400000,30000000,0,120000000,74.3575,5.5607,1.6061,68.29,
603223.SH,恒通股份,2016-05-20,27.07,26.8,27.2,26.68,27.16,775224,20878709,0.09,0.3325,26.9325,2.5841,814800000,N/A,3259200000,30000000,0,120000000,74.6047,5.5792,1.6114,68.5171,
603223.SH,恒通股份,2016-05-23,27.16,27.28,27.95,27.2,27.89,977023,27008116,0.73,2.6878,27.6433,3.2567,836700000,N/A,3346800000,30000000,0,120000000,76.61,5.7291,1.6547,70.3586,
603223.SH,恒通股份,2016-05-24,27.89,27.67,27.94,27.01,27.37,596145,16389911,-0.52,-1.8645,27.4932,1.9871,821100000,N/A,3284400000,30000000,0,120000000,75.1816,5.6223,1.6239,69.0468,
603223.SH,恒通股份,2016-05-25,27.37,27.59,28,27.59,27.85,1145494,31869398,0.48,1.7537,27.8215,3.8183,835500000,N/A,3342000000,30000000,0,120000000,76.5001,5.7209,1.6524,70.2577,
603223.SH,恒通股份,2016-05-26,27.85,27.85,27.93,26.9,27.88,1094093,30003450,0.03,0.1077,27.4231,3.647,836400000,N/A,3345600000,30000000,0,120000000,76.5825,5.7271,1.6542,70.3334,
603223.SH,恒通股份,2016-05-27,27.88,27.56,28.88,27.56,28.51,2169817,61939499,0.63,2.2597,28.546,7.2327,855300000,N/A,3421200000,30000000,0,120000000,78.313,5.8565,1.6915,71.9227,
603223.SH,恒通股份,2016-05-30,28.51,28.22,28.99,27.76,28.84,1793808,51161720,0.33,1.1575,28.5213,5.9794,865200000,N/A,3460800000,30000000,0,120000000,79.2195,5.9243,1.7111,72.7552,
603223.SH,恒通股份,2016-05-31,28.84,28.81,30.49,28.45,29.86,2543527,75385909,1.02,3.5368,29.6383,8.4784,895800000,N/A,3583200000,30000000,0,120000000,82.0213,6.1338,1.7716,75.3284,
603223.SH,恒通股份,2016-06-01,29.86,29.7,30.6,29.52,29.94,2516861,75712254,0.08,0.2679,30.082,8.3895,898200000,N/A,3592800000,30000000,0,120000000,82.241,6.1502,1.7764,75.5302,
603223.SH,恒通股份,2016-06-02,29.94,29.5,30.2,29.5,30.15,1916460,57307764,0.21,0.7014,29.9029,6.3882,904500000,N/A,3618000000,30000000,0,120000000,82.8179,6.1934,1.7888,76.06,
603223.SH,恒通股份,2016-06-03,30.15,30.19,30.99,30.02,30.61,2845290,86734798,0.46,1.5257,30.4836,9.4843,918300000,N/A,3673200000,30000000,0,120000000,84.0814,6.2879,1.8161,77.2204,
603223.SH,恒通股份,2016-06-06,30.61,30.66,30.82,29.72,30.2,2020676,60969360,-0.41,-1.3394,30.1728,6.7356,906000000,N/A,3624000000,30000000,0,120000000,82.9552,6.2036,1.7918,76.1861,
603223.SH,恒通股份,2016-06-07,30.2,30.33,31.4,29.88,31.33,2918938,89608381,1.13,3.7417,30.699,9.7298,939900000,N/A,3759600000,30000000,0,120000000,86.0592,6.4358,1.8588,79.0368,
603223.SH,恒通股份,2016-06-08,31.33,31.34,31.5,30.13,30.96,2871385,88398416,-0.37,-1.181,30.786,9.5713,928800000,N/A,3715200000,30000000,0,120000000,85.0428,6.3598,1.8369,78.1034,
