股票名称,股票代码,日期,开盘,收盘,最高,最低,成交量,成交额,振幅,涨跌幅,涨跌额,换手率
盈方微,000670,2016-06-13,9.55,9.19,9.55,9.19,387940,361404976.0,3.72,-4.96,-0.48,6.94
盈方微,000670,2016-06-14,8.99,8.8,9.07,8.73,454555,398843952.0,3.7,-4.24,-0.39,8.13
盈方微,000670,2016-06-15,8.64,8.8,8.98,8.56,448839,396155248.0,4.77,0.0,0.0,8.02
盈方微,000670,2016-06-16,8.8,8.87,9.07,8.67,366402,325474240.0,4.55,0.8,0.07,6.55
盈方微,000670,2016-06-17,8.85,8.92,9.14,8.83,322775,290303696.0,3.49,0.56,0.05,5.77
盈方微,000670,2016-06-20,8.81,8.66,8.81,8.47,425520,364168128.0,3.81,-2.91,-0.26,7.61
盈方微,000670,2016-06-21,8.66,8.64,8.72,8.52,250591,215691170.0,2.31,-0.23,-0.02,4.48
盈方微,000670,2016-06-22,8.59,8.7,8.75,8.56,187341,162113788.0,2.2,0.69,0.06,3.35
盈方微,000670,2016-06-23,8.69,8.62,8.81,8.6,183210,159227797.0,2.41,-0.92,-0.08,3.28
盈方微,000670,2016-06-24,8.64,8.45,8.64,8.19,309862,260771085.0,5.22,-1.97,-0.17,5.54
盈方微,000670,2016-06-27,8.31,8.48,8.52,8.31,181502,152626781.0,2.49,0.36,0.03,3.24
盈方微,000670,2016-06-28,8.43,8.9,8.9,8.4,370775,323468832.0,5.9,4.95,0.42,6.63
盈方微,000670,2016-06-29,9.05,8.88,9.08,8.83,348587,311787856.0,2.81,-0.22,-0.02,6.23
盈方微,000670,2016-06-30,8.82,8.86,9.0,8.81,198494,176296557.0,2.14,-0.23,-0.02,3.55
盈方微,000670,2016-07-01,8.87,8.84,8.99,8.84,179414,159348782.0,1.69,-0.23,-0.02,3.21
盈方微,000670,2016-07-04,8.77,8.85,8.93,8.73,171555,151943213.0,2.26,0.11,0.01,3.07
盈方微,000670,2016-07-05,8.85,8.83,8.88,8.81,159415,140979598.0,0.79,-0.23,-0.02,2.85
盈方微,000670,2016-07-06,8.81,8.66,8.82,8.62,230174,200305917.0,2.27,-1.93,-0.17,4.12
盈方微,000670,2016-07-07,8.67,8.6,8.69,8.49,195759,167919904.0,2.31,-0.69,-0.06,3.5
盈方微,000670,2016-07-08,8.6,8.68,8.73,8.56,141975,122988861.0,1.98,0.93,0.08,2.54
盈方微,000670,2016-07-11,8.59,8.66,8.86,8.59,199345,174031754.0,3.11,-0.23,-0.02,3.56
盈方微,000670,2016-07-12,8.63,9.09,9.09,8.4,482146,427705008.0,7.97,4.97,0.43,8.62
盈方微,000670,2016-07-13,9.18,9.36,9.54,9.09,467596,439546960.0,4.95,2.97,0.27,8.36
盈方微,000670,2016-07-14,9.31,9.16,9.5,9.16,309760,288265216.0,3.63,-2.14,-0.2,5.54
盈方微,000670,2016-07-15,9.5,9.36,9.57,9.28,304943,286621072.0,3.17,2.18,0.2,5.08
盈方微,000670,2016-07-18,9.2,9.38,9.5,9.16,214532,200106177.0,3.63,0.21,0.02,3.57
盈方微,000670,2016-07-19,9.37,9.29,9.38,9.22,146264,135711996.0,1.71,-0.96,-0.09,2.44
盈方微,000670,2016-07-20,9.29,9.26,9.39,9.25,118004,109782464.0,1.51,-0.32,-0.03,1.97
盈方微,000670,2016-07-21,9.22,9.21,9.3,9.2,127885,118165166.0,1.08,-0.54,-0.05,2.13
盈方微,000670,2016-07-22,9.23,9.22,9.34,9.19,114082,105559579.0,1.63,0.11,0.01,1.9
盈方微,000670,2016-07-25,9.22,9.15,9.27,9.12,121832,111824606.0,1.63,-0.76,-0.07,2.03
盈方微,000670,2016-07-26,9.11,9.26,9.29,9.09,130133,119554344.0,2.19,1.2,0.11,2.17
盈方微,000670,2016-07-27,9.29,8.8,9.33,8.8,255711,228938824.0,5.72,-4.97,-0.46,4.26
盈方微,000670,2016-07-28,8.76,8.57,8.76,8.47,187257,161372192.0,3.3,-2.61,-0.23,3.12
盈方微,000670,2016-07-29,8.51,8.53,8.6,8.5,87794,75023336.0,1.17,-0.47,-0.04,1.46
盈方微,000670,2016-08-01,8.5,8.33,8.58,8.28,96828,81110210.0,3.52,-2.34,-0.2,1.61
盈方微,000670,2016-08-02,8.34,8.4,8.45,8.33,58625,49152375.0,1.44,0.84,0.07,0.98
盈方微,000670,2016-08-03,8.38,8.37,8.4,8.33,72518,60623737.0,0.83,-0.36,-0.03,1.21
盈方微,000670,2016-08-04,8.36,8.63,8.75,8.32,140885,120857939.0,5.14,3.11,0.26,2.35
盈方微,000670,2016-08-05,8.6,8.45,8.62,8.4,123999,105301833.0,2.55,-2.09,-0.18,2.07
盈方微,000670,2016-08-08,8.45,8.48,8.52,8.38,78408,66244472.0,1.66,0.36,0.03,1.31
盈方微,000670,2016-08-09,8.5,8.61,8.73,8.47,127917,110176596.0,3.07,1.53,0.13,2.13
盈方微,000670,2016-08-10,8.75,8.66,8.87,8.65,141031,123236513.0,2.56,0.58,0.05,2.35
盈方微,000670,2016-08-11,8.6,8.55,8.66,8.55,87389,75041114.0,1.27,-1.27,-0.11,1.46
盈方微,000670,2016-08-12,8.52,8.6,8.61,8.51,72845,62443316.0,1.17,0.58,0.05,1.21
盈方微,000670,2016-08-15,8.58,8.81,8.91,8.56,182177,159934027.0,4.07,2.44,0.21,3.04
盈方微,000670,2016-08-16,8.82,8.76,8.83,8.73,112125,98384048.0,1.14,-0.57,-0.05,1.87
盈方微,000670,2016-08-17,8.76,8.79,8.87,8.74,101545,89341677.0,1.48,0.34,0.03,1.69
盈方微,000670,2016-08-18,8.79,8.88,9.0,8.76,157355,139676810.0,2.73,1.02,0.09,2.62
盈方微,000670,2016-08-19,8.88,8.87,8.96,8.81,98038,86930638.0,1.69,-0.11,-0.01,1.63
盈方微,000670,2016-08-22,8.88,8.72,8.94,8.7,118992,104405839.0,2.71,-1.69,-0.15,1.98
盈方微,000670,2016-08-23,8.75,8.66,8.8,8.61,95114,82658364.0,2.18,-0.69,-0.06,1.58
盈方微,000670,2016-08-24,8.65,8.67,8.69,8.6,73745,63818946.0,1.04,0.12,0.01,1.23
盈方微,000670,2016-08-25,8.64,8.55,8.64,8.5,95178,81296598.0,1.61,-1.38,-0.12,1.59
盈方微,000670,2016-08-26,8.56,8.7,8.75,8.54,106695,92137776.0,2.46,1.75,0.15,1.78
盈方微,000670,2016-08-29,8.7,8.65,8.71,8.62,71838,62200010.0,1.03,-0.57,-0.05,1.2
盈方微,000670,2016-08-30,8.66,8.6,8.72,8.55,85334,73722448.0,1.97,-0.58,-0.05,1.42
盈方微,000670,2016-08-31,8.63,8.59,8.64,8.52,67843,58113136.0,1.4,-0.12,-0.01,1.13
盈方微,000670,2016-09-01,8.59,8.56,8.68,8.54,87262,75011512.0,1.63,-0.35,-0.03,1.45
盈方微,000670,2016-09-02,8.55,8.5,8.57,8.44,76594,65305717.0,1.52,-0.7,-0.06,1.28
盈方微,000670,2016-09-05,8.53,8.51,8.6,8.49,68222,58193690.0,1.29,0.12,0.01,1.14
盈方微,000670,2016-09-06,8.51,8.56,8.57,8.43,80821,68714725.0,1.65,0.59,0.05,1.35
盈方微,000670,2016-09-07,8.59,8.7,8.9,8.55,189538,165103610.0,4.09,1.64,0.14,3.16
盈方微,000670,2016-09-08,8.71,8.67,8.75,8.64,91108,79073144.0,1.26,-0.34,-0.03,1.52
盈方微,000670,2016-09-09,8.67,8.58,8.7,8.58,77065,66531882.0,1.38,-1.04,-0.09,1.28
盈方微,000670,2016-09-12,8.46,8.18,8.46,8.15,176866,146863491.0,3.61,-4.66,-0.4,2.95
盈方微,000670,2016-09-13,8.22,8.24,8.26,8.16,86987,71327479.0,1.22,0.73,0.06,1.45
盈方微,000670,2016-09-14,8.18,8.16,8.21,8.07,75543,61488515.0,1.7,-0.97,-0.08,1.26
盈方微,000670,2016-09-19,8.16,8.2,8.22,8.15,60622,49618747.0,0.86,0.49,0.04,1.01
盈方微,000670,2016-09-20,8.2,8.17,8.2,8.13,51545,42043180.0,0.85,-0.37,-0.03,0.86
盈方微,000670,2016-09-21,8.17,8.18,8.23,8.14,56394,46178959.0,1.1,0.12,0.01,0.94
盈方微,000670,2016-09-22,8.23,8.18,8.24,8.17,77920,63890204.0,0.86,0.0,0.0,1.3
盈方微,000670,2016-09-23,8.17,8.18,8.24,8.17,69070,56632065.0,0.86,0.0,0.0,1.15
盈方微,000670,2016-09-26,8.16,7.89,8.16,7.86,127096,101734331.0,3.67,-3.55,-0.29,2.12
盈方微,000670,2016-09-27,7.88,7.84,7.91,7.6,108413,84423718.0,3.93,-0.63,-0.05,1.81
盈方微,000670,2016-09-28,7.78,7.72,7.83,7.7,77658,60216797.0,1.66,-1.53,-0.12,1.29
盈方微,000670,2016-09-29,7.73,7.68,7.76,7.68,69313,53537792.0,1.04,-0.52,-0.04,1.15
盈方微,000670,2016-09-30,7.68,8.06,8.06,7.67,93988,74868425.0,5.08,4.95,0.38,1.57
盈方微,000670,2016-10-10,8.22,8.16,8.25,8.04,158989,129466920.0,2.61,1.24,0.1,2.65
盈方微,000670,2016-10-11,8.14,8.28,8.47,8.11,164303,136379834.0,4.41,1.47,0.12,2.74
盈方微,000670,2016-10-12,8.21,8.24,8.32,8.21,71231,58777178.0,1.33,-0.48,-0.04,1.19
盈方微,000670,2016-10-13,8.23,8.31,8.43,8.22,100556,83890636.0,2.55,0.85,0.07,1.68
盈方微,000670,2016-10-14,8.31,8.21,8.34,8.13,118438,96958611.0,2.53,-1.2,-0.1,1.97
盈方微,000670,2016-10-17,7.8,7.8,7.94,7.8,363758,284833824.0,1.71,-4.99,-0.41,6.06
盈方微,000670,2016-10-18,7.7,7.79,7.82,7.66,155231,120370924.0,2.05,-0.13,-0.01,2.59
盈方微,000670,2016-10-19,7.8,7.8,7.93,7.77,126055,98645146.0,2.05,0.13,0.01,2.1
盈方微,000670,2016-10-20,7.8,7.81,7.84,7.73,129707,100881942.0,1.41,0.13,0.01,2.16
盈方微,000670,2016-10-21,7.8,7.73,7.81,7.67,113178,87594721.0,1.79,-1.02,-0.08,1.89
盈方微,000670,2016-10-24,7.35,7.64,7.66,7.34,441589,327335968.0,4.14,-1.16,-0.09,7.36
盈方微,000670,2016-10-25,7.54,7.48,7.55,7.4,206050,154126272.0,1.96,-2.09,-0.16,3.43
盈方微,000670,2016-10-26,7.51,7.54,7.65,7.49,154851,117179328.0,2.14,0.8,0.06,2.58
盈方微,000670,2016-10-27,7.53,7.56,7.6,7.51,90504,68347589.0,1.19,0.27,0.02,1.51
盈方微,000670,2016-10-28,7.6,7.62,7.65,7.53,137917,104619476.0,1.59,0.79,0.06,2.3
盈方微,000670,2016-10-31,7.64,7.51,7.66,7.49,108452,81729970.0,2.23,-1.44,-0.11,1.81
盈方微,000670,2016-11-01,7.52,7.56,7.58,7.48,83701,63034315.0,1.33,0.67,0.05,1.39
盈方微,000670,2016-11-02,7.55,7.48,7.56,7.47,108198,81241792.0,1.19,-1.06,-0.08,1.8
盈方微,000670,2016-11-03,7.47,7.5,7.54,7.45,92317,69194587.0,1.2,0.27,0.02,1.54
盈方微,000670,2016-11-04,7.5,7.58,7.63,7.49,134156,101526320.0,1.87,1.07,0.08,2.24
盈方微,000670,2016-11-07,7.58,7.96,7.96,7.57,188934,147814601.0,5.15,5.01,0.38,3.15
盈方微,000670,2017-02-08,7.65,7.6,7.77,7.56,321442,244391996.0,2.64,-4.52,-0.36,5.36
盈方微,000670,2017-02-09,7.54,7.61,7.72,7.51,289244,220056384.0,2.76,0.13,0.01,4.82
盈方微,000670,2017-02-10,7.61,7.52,7.63,7.43,225451,169387071.0,2.63,-1.18,-0.09,3.76
盈方微,000670,2017-02-13,7.46,7.53,7.54,7.45,94405,70850392.0,1.2,0.13,0.01,1.57
盈方微,000670,2017-02-14,7.49,7.23,7.52,7.15,376632,274582672.0,4.91,-3.98,-0.3,6.28
盈方微,000670,2017-02-15,7.18,7.05,7.2,6.95,266565,188029976.0,3.46,-2.49,-0.18,4.44
盈方微,000670,2017-02-16,7.02,7.14,7.19,6.97,161484,114220414.0,3.12,1.28,0.09,2.69
盈方微,000670,2017-02-17,7.12,7.03,7.12,7.0,116514,82211256.0,1.68,-1.54,-0.11,1.94
盈方微,000670,2017-02-20,7.01,7.03,7.07,6.97,93920,65965090.0,1.42,0.0,0.0,1.56
盈方微,000670,2017-02-21,7.03,7.09,7.11,7.0,92584,65461135.0,1.56,0.85,0.06,1.54
盈方微,000670,2017-02-22,7.1,7.11,7.14,7.07,60630,43055458.0,0.99,0.28,0.02,1.01
盈方微,000670,2017-02-23,7.12,7.15,7.15,7.07,73166,51991254.0,1.13,0.56,0.04,1.22
盈方微,000670,2017-02-24,7.14,7.26,7.35,7.12,115683,83988764.0,3.22,1.54,0.11,1.93
盈方微,000670,2017-02-27,7.25,7.34,7.45,7.24,143396,105492980.0,2.89,1.1,0.08,2.39
盈方微,000670,2017-02-28,7.33,7.26,7.39,7.23,92407,67308476.0,2.18,-1.09,-0.08,1.54
盈方微,000670,2017-03-01,7.29,7.38,7.47,7.23,162577,120089809.0,3.31,1.65,0.12,2.71
盈方微,000670,2017-03-02,7.37,7.39,7.48,7.36,123610,91527019.0,1.63,0.14,0.01,2.06
盈方微,000670,2017-03-03,7.38,7.47,7.54,7.36,126310,94372472.0,2.44,1.08,0.08,2.1
盈方微,000670,2017-03-06,7.52,7.84,7.84,7.48,281088,217306604.0,4.82,4.95,0.37,4.68
盈方微,000670,2017-03-07,7.91,7.87,8.03,7.75,231846,182262708.0,3.57,0.38,0.03,3.86
盈方微,000670,2017-03-08,7.8,7.74,7.84,7.71,147601,114530139.0,1.65,-1.65,-0.13,2.46
盈方微,000670,2017-03-09,7.77,7.87,7.89,7.71,162685,126878191.0,2.33,1.68,0.13,2.71
盈方微,000670,2017-03-10,7.87,7.58,7.87,7.51,247559,189221053.0,4.57,-3.68,-0.29,4.12
盈方微,000670,2017-03-13,7.5,7.72,7.83,7.45,240105,184048837.0,5.01,1.85,0.14,4.0
盈方微,000670,2017-03-14,8.0,8.11,8.11,7.9,161330,130158944.0,2.72,5.05,0.39,2.69
盈方微,000670,2017-03-15,8.38,8.24,8.52,8.2,645334,539063168.0,3.95,1.6,0.13,10.75
盈方微,000670,2017-03-16,8.2,8.65,8.65,8.12,535984,452529936.0,6.43,4.98,0.41,8.93
盈方微,000670,2017-03-17,8.5,8.29,8.61,8.25,529082,444835104.0,4.16,-4.16,-0.36,8.82
盈方微,000670,2017-03-20,8.18,8.27,8.35,8.11,279408,229672433.0,2.9,-0.24,-0.02,4.66
盈方微,000670,2017-03-21,8.22,8.08,8.29,8.06,189911,154990716.0,2.78,-2.3,-0.19,3.16
盈方微,000670,2017-03-22,8.08,8.38,8.48,7.98,330639,275570960.0,6.19,3.71,0.3,5.51
盈方微,000670,2017-03-23,8.35,8.28,8.45,8.11,188411,155874843.0,4.06,-1.19,-0.1,3.14
盈方微,000670,2017-03-24,8.23,7.9,8.31,7.87,407489,327199328.0,5.31,-4.59,-0.38,6.79
盈方微,000670,2017-03-27,8.07,8.18,8.28,7.94,253388,204905293.0,4.3,3.54,0.28,4.22
盈方微,000670,2017-03-28,8.09,8.03,8.18,8.0,141489,114543771.0,2.2,-1.83,-0.15,2.36
盈方微,000670,2017-03-30,8.3,8.83,8.83,8.3,1002737,880051392.0,6.6,9.96,0.8,16.71
盈方微,000670,2017-03-31,8.83,8.29,8.97,8.1,951150,808767440.0,9.85,-6.12,-0.54,15.85
盈方微,000670,2017-04-05,8.09,8.14,8.27,7.9,401743,324731952.0,4.46,-1.81,-0.15,6.69
盈方微,000670,2017-04-06,8.03,7.99,8.13,7.93,346833,278102672.0,2.46,-1.84,-0.15,5.78
盈方微,000670,2017-04-07,7.9,7.65,7.99,7.64,392822,306156384.0,4.38,-4.26,-0.34,6.55
盈方微,000670,2017-04-10,7.71,7.57,7.87,7.52,245907,189648291.0,4.58,-1.05,-0.08,4.1
盈方微,000670,2017-04-11,7.45,7.43,7.5,7.25,280040,206714614.0,3.3,-1.85,-0.14,4.67
盈方微,000670,2017-04-12,7.39,7.42,7.55,7.26,209704,154974691.0,3.9,-0.13,-0.01,3.49
盈方微,000670,2017-04-13,7.34,7.34,7.45,7.3,144956,106961318.0,2.02,-1.08,-0.08,2.42
盈方微,000670,2017-04-14,7.2,7.05,7.28,7.05,244283,173611865.0,3.13,-3.95,-0.29,4.07
盈方微,000670,2017-04-17,7.02,6.77,7.02,6.71,151403,103763619.0,4.4,-3.97,-0.28,2.52
盈方微,000670,2017-04-18,6.82,6.86,7.02,6.77,163541,112844985.0,3.69,1.33,0.09,2.72
盈方微,000670,2017-04-19,6.8,6.79,6.87,6.67,116955,79181959.0,2.92,-1.02,-0.07,1.95
盈方微,000670,2017-04-20,6.75,6.47,6.77,6.23,228882,149425766.0,7.95,-4.71,-0.32,3.81
盈方微,000670,2017-04-21,6.43,6.35,6.52,6.31,111035,71097555.0,3.25,-1.85,-0.12,1.85
盈方微,000670,2017-04-24,6.32,5.88,6.33,5.83,174515,105389931.0,7.87,-7.4,-0.47,2.91
盈方微,000670,2017-04-25,5.91,5.83,5.96,5.79,113860,66991579.0,2.89,-0.85,-0.05,1.9
盈方微,000670,2017-04-26,5.84,5.89,5.94,5.71,119763,69832200.0,3.95,1.03,0.06,2.0
盈方微,000670,2017-04-27,5.85,5.98,6.04,5.63,162594,94720233.0,6.96,1.53,0.09,2.71
盈方微,000670,2017-04-28,5.9,5.92,5.97,5.87,86144,50980592.0,1.67,-1.0,-0.06,1.44
盈方微,000670,2017-05-02,5.93,6.05,6.19,5.93,157196,95457284.0,4.39,2.2,0.13,2.62
盈方微,000670,2017-05-03,6.02,6.02,6.05,5.97,75243,45205326.0,1.32,-0.5,-0.03,1.25
盈方微,000670,2017-05-04,6.03,6.15,6.45,5.94,162282,100280976.0,8.47,2.16,0.13,2.7
盈方微,000670,2017-05-05,6.08,6.01,6.2,6.0,99653,60869502.0,3.25,-2.28,-0.14,1.66
盈方微,000670,2017-05-08,5.99,5.73,6.0,5.71,101375,59209935.0,4.83,-4.66,-0.28,1.69
盈方微,000670,2017-05-09,5.65,5.77,5.78,5.65,67433,38658080.0,2.27,0.7,0.04,1.12
盈方微,000670,2017-05-10,5.77,5.74,5.99,5.74,107891,63248722.0,4.33,-0.52,-0.03,1.8
盈方微,000670,2017-05-11,5.68,5.58,5.71,5.34,131298,72838639.0,6.45,-2.79,-0.16,2.19
盈方微,000670,2017-05-12,5.57,5.56,5.64,5.45,73448,40782312.0,3.41,-0.36,-0.02,1.22
盈方微,000670,2017-05-15,5.54,5.46,5.59,5.45,85291,47040708.0,2.52,-1.8,-0.1,1.42
盈方微,000670,2017-05-16,5.47,5.58,5.65,5.3,141767,77184509.0,6.41,2.2,0.12,2.36
盈方微,000670,2017-05-17,5.55,5.58,5.69,5.54,96360,53970222.0,2.69,0.0,0.0,1.61
盈方微,000670,2017-05-18,5.5,5.51,5.58,5.46,89121,49154430.0,2.15,-1.25,-0.07,1.48
盈方微,000670,2017-05-19,5.56,5.59,5.68,5.54,99700,55823861.0,2.54,1.45,0.08,1.66
盈方微,000670,2017-05-22,5.58,5.28,5.59,5.25,109919,59755717.0,6.08,-5.55,-0.31,1.83
盈方微,000670,2017-05-23,5.26,4.92,5.28,4.91,156630,79407011.0,7.01,-6.82,-0.36,2.61
盈方微,000670,2017-05-24,4.86,4.89,4.95,4.62,116448,55891424.0,6.71,-0.61,-0.03,1.94
盈方微,000670,2017-05-25,4.86,4.88,4.92,4.71,98175,47615226.0,4.29,-0.2,-0.01,1.64
盈方微,000670,2017-05-26,4.88,4.88,4.93,4.85,69216,33835152.0,1.64,0.0,0.0,1.15
盈方微,000670,2017-05-31,4.92,4.88,4.95,4.87,75841,37220171.0,1.64,0.0,0.0,1.26
盈方微,000670,2017-06-01,4.86,4.48,4.86,4.42,117532,54650843.0,9.02,-8.2,-0.4,1.96
盈方微,000670,2017-06-02,4.47,4.59,4.68,4.42,109841,49674521.0,5.8,2.46,0.11,1.83
盈方微,000670,2017-06-05,4.61,4.7,4.78,4.6,99753,46930271.0,3.92,2.4,0.11,1.66
盈方微,000670,2017-06-06,4.73,5.17,5.17,4.68,138951,68716969.0,10.43,10.0,0.47,2.32
盈方微,000670,2017-06-07,5.17,5.35,5.49,5.1,400268,212730542.0,7.54,3.48,0.18,6.67
盈方微,000670,2017-06-08,5.3,5.2,5.34,5.16,221116,115809360.0,3.36,-2.8,-0.15,3.68
盈方微,000670,2017-06-09,5.15,5.07,5.19,5.03,165019,84012027.0,3.08,-2.5,-0.13,2.75
盈方微,000670,2017-06-12,5.05,4.87,5.08,4.83,152405,75447826.0,4.93,-3.94,-0.2,2.54
盈方微,000670,2017-06-13,4.76,4.98,5.03,4.73,164530,80669491.0,6.16,2.26,0.11,2.74
盈方微,000670,2017-06-14,4.96,4.95,4.99,4.89,123903,61205906.0,2.01,-0.6,-0.03,2.06
盈方微,000670,2017-06-15,4.95,5.09,5.16,4.89,205669,103748546.0,5.45,2.83,0.14,3.43
盈方微,000670,2017-06-16,5.05,5.03,5.08,4.98,131212,66016444.0,1.96,-1.18,-0.06,2.19
盈方微,000670,2017-06-19,5.0,5.07,5.1,5.0,111067,56184038.0,1.99,0.8,0.04,1.85
盈方微,000670,2017-06-20,5.07,5.06,5.18,5.04,130656,66727631.0,2.76,-0.2,-0.01,2.18
盈方微,000670,2017-06-21,5.08,5.07,5.14,5.03,116237,59102036.0,2.17,0.2,0.01,1.94
盈方微,000670,2017-06-22,5.06,4.8,5.1,4.78,161202,79871551.0,6.31,-5.33,-0.27,2.69
盈方微,000670,2017-06-23,4.81,4.81,4.89,4.66,139185,66611129.0,4.79,0.21,0.01,2.32
盈方微,000670,2017-06-26,4.78,4.85,4.87,4.76,92639,44844522.0,2.29,0.83,0.04,1.54
盈方微,000670,2017-06-27,4.87,5.34,5.34,4.85,420102,218428996.0,10.1,10.1,0.49,7.0
盈方微,000670,2017-06-28,5.38,5.39,5.57,5.35,660136,359391200.0,4.12,0.94,0.05,11.0
盈方微,000670,2017-06-29,5.39,5.28,5.45,5.26,327656,174199960.0,3.53,-2.04,-0.11,5.46
盈方微,000670,2017-06-30,5.29,5.22,5.38,5.21,218054,114873006.0,3.22,-1.14,-0.06,3.63
盈方微,000670,2017-07-03,5.2,5.25,5.25,5.14,156828,81571113.0,2.11,0.57,0.03,2.61
盈方微,000670,2017-07-04,5.23,5.38,5.49,5.18,271964,145703786.0,5.9,2.48,0.13,4.53
盈方微,000670,2017-07-05,5.33,5.35,5.38,5.26,186664,99305537.0,2.23,-0.56,-0.03,3.11
盈方微,000670,2017-07-06,5.36,5.38,5.45,5.26,200464,107611504.0,3.55,0.56,0.03,3.34
盈方微,000670,2017-07-07,5.35,5.58,5.88,5.31,403826,226173594.0,10.59,3.72,0.2,6.73
盈方微,000670,2017-07-10,5.48,5.45,5.52,5.38,262411,142694057.0,2.51,-2.33,-0.13,4.37
盈方微,000670,2017-07-11,5.44,5.26,5.48,5.25,157395,84663619.0,4.22,-3.49,-0.19,2.62
盈方微,000670,2017-07-12,5.26,5.4,5.4,5.21,151110,80120109.0,3.61,2.66,0.14,2.52
盈方微,000670,2017-07-13,5.31,5.35,5.47,5.24,195274,104646180.0,4.26,-0.93,-0.05,3.25
盈方微,000670,2017-07-14,5.31,5.18,5.34,5.17,137081,71898486.0,3.18,-3.18,-0.17,2.28
盈方微,000670,2017-07-17,5.14,4.73,5.14,4.7,220540,107084032.0,8.49,-8.69,-0.45,3.67
盈方微,000670,2017-07-18,4.66,4.85,4.85,4.66,114542,54704761.0,4.02,2.54,0.12,1.91
盈方微,000670,2017-07-19,4.83,4.96,4.97,4.8,115531,56376176.0,3.51,2.27,0.11,1.92
盈方微,000670,2017-07-20,4.93,4.94,5.05,4.93,120626,60124504.0,2.42,-0.4,-0.02,2.01
盈方微,000670,2017-07-21,4.93,4.92,5.04,4.9,86299,42881690.0,2.83,-0.4,-0.02,1.44
盈方微,000670,2017-07-24,4.91,4.98,5.02,4.85,95017,47009543.0,3.46,1.22,0.06,1.58
盈方微,000670,2017-07-25,4.96,4.92,5.0,4.92,71106,35165660.0,1.61,-1.2,-0.06,1.18
盈方微,000670,2017-07-26,4.9,4.87,4.96,4.82,96115,46911575.0,2.85,-1.02,-0.05,1.6
盈方微,000670,2017-07-27,4.88,5.0,5.05,4.79,147705,73218049.0,5.34,2.67,0.13,2.46
盈方微,000670,2017-07-28,5.0,4.95,5.03,4.92,81669,40583610.0,2.2,-1.0,-0.05,1.36
盈方微,000670,2017-07-31,4.92,5.45,5.45,4.9,295537,153559835.0,11.11,10.1,0.5,4.92
盈方微,000670,2017-08-01,5.42,5.38,5.64,5.35,490814,269815072.0,5.32,-1.28,-0.07,8.18
盈方微,000670,2017-08-02,5.24,5.53,5.64,5.23,391099,212177750.0,7.62,2.79,0.15,6.52
盈方微,000670,2017-08-03,5.45,5.48,5.55,5.38,200843,109600780.0,3.07,-0.9,-0.05,3.35
盈方微,000670,2017-08-04,5.42,5.29,5.46,5.29,158933,85453434.0,3.1,-3.47,-0.19,2.65
盈方微,000670,2017-08-07,5.3,5.56,5.75,5.27,338805,187683607.0,9.07,5.1,0.27,5.65
盈方微,000670,2017-08-08,5.52,5.54,5.64,5.46,224221,124261695.0,3.24,-0.36,-0.02,3.74
盈方微,000670,2017-08-09,5.5,5.64,5.81,5.43,334903,189382578.0,6.86,1.81,0.1,5.58
盈方微,000670,2017-08-10,5.58,5.91,6.14,5.56,599378,352880000.0,10.28,4.79,0.27,9.99
盈方微,000670,2017-08-11,5.85,6.11,6.29,5.77,581812,353976480.0,8.8,3.38,0.2,9.69
盈方微,000670,2017-08-14,6.0,6.08,6.09,5.9,408340,245123928.0,3.11,-0.49,-0.03,6.8
盈方微,000670,2017-08-15,6.03,5.87,6.06,5.85,323824,192099853.0,3.45,-3.45,-0.21,5.4
盈方微,000670,2017-08-16,5.85,5.91,5.94,5.76,209967,122903674.0,3.07,0.68,0.04,3.5
盈方微,000670,2017-08-17,6.0,5.97,6.2,5.96,358460,217594601.0,4.06,1.02,0.06,5.97
盈方微,000670,2017-08-18,6.0,5.75,6.0,5.71,257391,149149286.0,4.86,-3.69,-0.22,4.29
盈方微,000670,2017-08-21,5.69,5.8,5.82,5.65,126417,72846000.0,2.96,0.87,0.05,2.11
盈方微,000670,2017-08-22,5.79,5.7,5.82,5.69,132793,76156862.0,2.24,-1.72,-0.1,2.21
盈方微,000670,2017-08-23,5.66,5.75,5.83,5.5,159594,91801993.0,5.79,0.88,0.05,2.66
盈方微,000670,2017-08-24,5.72,5.56,5.75,5.55,175396,98605229.0,3.48,-3.3,-0.19,2.92
盈方微,000670,2017-08-25,5.59,5.67,5.74,5.55,111009,62630492.0,3.42,1.98,0.11,1.85
盈方微,000670,2017-08-28,5.68,5.73,5.78,5.67,126232,72244571.0,1.94,1.06,0.06,2.1
盈方微,000670,2017-08-29,5.69,5.61,5.77,5.59,130002,73551456.0,3.14,-2.09,-0.12,2.17
盈方微,000670,2017-08-30,5.61,5.71,5.74,5.58,133408,75860031.0,2.85,1.78,0.1,2.22
盈方微,000670,2017-08-31,5.68,5.85,5.88,5.67,202675,117442524.0,3.68,2.45,0.14,3.38
盈方微,000670,2017-09-01,5.86,5.85,5.97,5.77,124375,72533829.0,3.42,0.0,0.0,2.07
盈方微,000670,2017-09-04,5.8,5.74,5.84,5.68,187840,107771958.0,2.74,-1.88,-0.11,3.13
盈方微,000670,2017-09-05,5.75,6.31,6.31,5.66,280676,172513061.0,11.32,9.93,0.57,4.68
盈方微,000670,2017-09-06,6.49,6.94,6.94,6.4,1292909,865093136.0,8.56,9.98,0.63,21.54
盈方微,000670,2017-09-07,6.95,6.72,6.95,6.67,972101,659451664.0,4.03,-3.17,-0.22,16.2
盈方微,000670,2017-09-08,6.69,6.52,6.7,6.44,536134,351284928.0,3.87,-2.98,-0.2,8.93
盈方微,000670,2017-09-11,6.5,6.53,6.63,6.39,369065,240542025.0,3.68,0.15,0.01,6.15
盈方微,000670,2017-09-12,6.36,7.18,7.18,6.25,1072331,723133424.0,14.24,9.95,0.65,17.87
盈方微,000670,2017-09-13,7.0,7.18,7.46,6.9,1133422,815068032.0,7.8,0.0,0.0,18.89
盈方微,000670,2017-09-14,7.1,7.21,7.46,7.01,772609,560895712.0,6.27,0.42,0.03,12.87
盈方微,000670,2017-09-15,7.11,7.32,7.56,7.08,675239,496276976.0,6.66,1.53,0.11,11.25
盈方微,000670,2017-09-18,7.25,7.72,7.9,7.22,907821,692483232.0,9.29,5.46,0.4,15.13
盈方微,000670,2017-09-19,7.5,7.37,7.85,7.32,747580,565286496.0,6.87,-4.53,-0.35,12.46
盈方微,000670,2017-09-20,7.3,7.65,7.84,7.16,830678,630334992.0,9.23,3.8,0.28,13.84
盈方微,000670,2017-09-21,7.7,7.38,7.87,7.37,685037,521876128.0,6.54,-3.53,-0.27,11.41
盈方微,000670,2017-09-22,7.2,7.06,7.28,6.8,488700,345697200.0,6.5,-4.34,-0.32,8.14
盈方微,000670,2017-09-25,7.15,6.84,7.25,6.8,329766,230539800.0,6.37,-3.12,-0.22,5.49
盈方微,000670,2017-09-26,6.87,6.99,6.99,6.7,321350,219460629.0,4.24,2.19,0.15,5.35
盈方微,000670,2017-09-27,6.94,7.12,7.23,6.91,321429,227655181.0,4.58,1.86,0.13,5.36
盈方微,000670,2017-09-28,7.08,7.22,7.45,7.05,440200,321375008.0,5.62,1.4,0.1,7.33
盈方微,000670,2017-09-29,7.14,7.5,7.68,7.1,568744,420828592.0,8.03,3.88,0.28,9.48
盈方微,000670,2017-10-09,7.56,7.9,8.2,7.44,872346,680712352.0,10.13,5.33,0.4,14.54
盈方微,000670,2017-10-10,7.83,7.78,7.92,7.66,513461,399571200.0,3.29,-1.52,-0.12,8.56
盈方微,000670,2017-10-11,7.68,7.4,7.72,7.31,468709,351557024.0,5.27,-4.88,-0.38,7.81
盈方微,000670,2017-10-12,7.25,7.1,7.25,7.01,476302,339234032.0,3.24,-4.05,-0.3,7.94
盈方微,000670,2017-10-13,7.09,7.14,7.23,6.91,285932,203615217.0,4.51,0.56,0.04,4.76
盈方微,000670,2017-10-16,7.01,6.7,7.19,6.66,335296,231775566.0,7.42,-6.16,-0.44,5.59
盈方微,000670,2017-10-17,6.72,6.72,6.77,6.5,213585,141816229.0,4.03,0.3,0.02,3.56
盈方微,000670,2017-10-18,6.66,6.7,6.94,6.65,235198,159885445.0,4.32,-0.3,-0.02,3.92
盈方微,000670,2017-10-19,6.65,6.37,6.78,6.32,264453,170809766.0,6.87,-4.93,-0.33,4.41
盈方微,000670,2017-10-20,6.42,6.5,6.54,6.34,146687,94512895.0,3.14,2.04,0.13,2.44
盈方微,000670,2017-10-23,6.53,6.51,6.63,6.5,134390,88193029.0,2.0,0.15,0.01,2.24
盈方微,000670,2017-10-24,6.46,6.49,6.54,6.37,132309,85250034.0,2.61,-0.31,-0.02,2.2
盈方微,000670,2017-10-25,6.47,6.57,6.65,6.46,143621,94286428.0,2.93,1.23,0.08,2.39
盈方微,000670,2017-10-26,6.56,6.76,6.83,6.53,204778,137378206.0,4.57,2.89,0.19,3.41
盈方微,000670,2017-10-27,6.74,6.57,6.75,6.56,162260,107722357.0,2.81,-2.81,-0.19,2.7
盈方微,000670,2017-10-30,6.51,6.12,6.63,6.1,228379,142669072.0,8.07,-6.85,-0.45,3.81
盈方微,000670,2017-10-31,6.05,6.15,6.22,6.05,121927,74857879.0,2.78,0.49,0.03,2.03
盈方微,000670,2017-11-01,6.15,6.41,6.54,6.08,253004,161303343.0,7.48,4.23,0.26,4.22
盈方微,000670,2017-11-02,6.36,6.28,6.52,6.28,166088,105825728.0,3.74,-2.03,-0.13,2.77
盈方微,000670,2017-11-03,6.26,6.48,6.67,6.25,299051,194030042.0,6.69,3.18,0.2,4.98
盈方微,000670,2017-11-06,6.5,6.89,7.1,6.5,465337,318218496.0,9.26,6.33,0.41,7.75
盈方微,000670,2017-11-07,6.8,6.99,7.0,6.7,354768,242334754.0,4.35,1.45,0.1,5.91
盈方微,000670,2017-11-08,6.9,6.78,6.93,6.77,263017,179700745.0,2.29,-3.0,-0.21,4.38
盈方微,000670,2017-11-09,6.72,7.1,7.1,6.61,488624,337075056.0,7.23,4.72,0.32,8.14
盈方微,000670,2017-11-10,7.01,7.11,7.49,6.97,576474,415121984.0,7.32,0.14,0.01,9.61
盈方微,000670,2017-11-13,6.98,7.19,7.25,6.81,508040,357746416.0,6.19,1.13,0.08,8.46
盈方微,000670,2017-11-14,7.09,6.94,7.13,6.85,374519,261743442.0,3.89,-3.48,-0.25,6.24
盈方微,000670,2017-11-15,6.83,6.72,7.02,6.72,238980,163473925.0,4.32,-3.17,-0.22,3.98
盈方微,000670,2017-11-16,6.71,6.82,6.88,6.67,227762,154605711.0,3.13,1.49,0.1,3.79
盈方微,000670,2017-11-17,6.8,6.23,6.85,6.14,397600,253600339.0,10.41,-8.65,-0.59,6.62
盈方微,000670,2017-11-20,6.16,6.33,6.4,5.88,210071,128489681.0,8.35,1.61,0.1,3.5
盈方微,000670,2017-11-21,6.29,6.24,6.44,6.2,157543,99124216.0,3.79,-1.42,-0.09,2.62
盈方微,000670,2017-11-22,6.23,6.46,6.63,6.18,339666,219141979.0,7.21,3.53,0.22,5.66
盈方微,000670,2017-11-23,6.39,6.33,6.56,6.26,260354,166983514.0,4.64,-2.01,-0.13,4.34
盈方微,000670,2017-11-24,6.2,6.11,6.43,6.1,224429,140285598.0,5.21,-3.48,-0.22,3.74
盈方微,000670,2017-11-27,6.0,5.5,6.02,5.5,342257,196729180.0,8.51,-9.98,-0.61,5.7
盈方微,000670,2017-11-28,5.47,5.69,5.71,5.46,188171,105488523.0,4.55,3.45,0.19,3.14
盈方微,000670,2017-11-29,5.68,5.58,5.69,5.5,170896,95712755.0,3.34,-1.93,-0.11,2.85
盈方微,000670,2017-11-30,5.56,6.14,6.14,5.56,449205,269093264.0,10.39,10.04,0.56,7.48
盈方微,000670,2017-12-01,6.12,6.35,6.66,6.06,742897,472899168.0,9.77,3.42,0.21,12.38
盈方微,000670,2017-12-04,6.27,6.28,6.44,6.13,418949,261825928.0,4.88,-1.1,-0.07,6.98
盈方微,000670,2017-12-05,6.28,6.0,6.35,5.81,374915,228888147.0,8.6,-4.46,-0.28,6.25
盈方微,000670,2017-12-06,5.98,6.6,6.6,5.92,308672,200314873.0,11.33,10.0,0.6,5.14
盈方微,000670,2017-12-07,7.11,7.12,7.25,6.89,1246655,882978592.0,5.45,7.88,0.52,20.77
盈方微,000670,2017-12-08,7.08,7.45,7.8,6.97,1269171,935100752.0,11.66,4.63,0.33,21.15
盈方微,000670,2017-12-11,7.17,7.43,7.7,7.17,960908,707369424.0,7.11,-0.27,-0.02,16.01
盈方微,000670,2017-12-12,7.35,7.45,7.61,7.22,805454,598642336.0,5.25,0.27,0.02,13.42
盈方微,000670,2017-12-13,7.44,7.67,7.78,7.33,905332,684384656.0,6.04,2.95,0.22,15.08
盈方微,000670,2017-12-14,7.56,7.54,7.66,7.31,758818,569640720.0,4.56,-1.69,-0.13,12.64
盈方微,000670,2017-12-15,7.5,7.33,7.68,7.26,712364,530976240.0,5.57,-2.79,-0.21,11.87
盈方微,000670,2017-12-18,7.32,6.88,7.33,6.76,699594,487921264.0,7.78,-6.14,-0.45,11.66
盈方微,000670,2017-12-19,6.95,7.02,7.12,6.86,553488,387563040.0,3.78,2.03,0.14,9.22
盈方微,000670,2017-12-20,6.94,7.18,7.45,6.81,846589,603023664.0,9.12,2.28,0.16,14.11
盈方微,000670,2017-12-21,7.15,7.37,7.58,7.01,828900,604621104.0,7.94,2.65,0.19,13.81
盈方微,000670,2017-12-22,7.28,7.15,7.42,7.15,525185,381299328.0,3.66,-2.99,-0.22,8.75
盈方微,000670,2017-12-25,7.12,7.04,7.29,6.91,398087,283522912.0,5.31,-1.54,-0.11,6.63
盈方微,000670,2017-12-26,6.99,6.89,7.1,6.52,529939,361470016.0,8.24,-2.13,-0.15,8.83
盈方微,000670,2017-12-27,6.86,6.73,6.98,6.71,376666,258130169.0,3.92,-2.32,-0.16,6.28
盈方微,000670,2017-12-28,6.71,6.6,6.83,6.51,365848,243217558.0,4.75,-1.93,-0.13,6.1
盈方微,000670,2017-12-29,6.66,6.9,6.98,6.62,501017,344290416.0,5.45,4.55,0.3,8.35
盈方微,000670,2018-01-02,6.9,6.92,6.94,6.71,361219,247629470.0,3.33,0.29,0.02,6.02
盈方微,000670,2018-01-03,6.94,6.93,7.11,6.88,399949,278839680.0,3.32,0.14,0.01,6.66
盈方微,000670,2018-01-04,6.86,7.23,7.36,6.82,734388,524686640.0,7.79,4.33,0.3,12.24
盈方微,000670,2018-01-05,7.1,7.07,7.18,7.02,406602,287939536.0,2.21,-2.21,-0.16,6.77
盈方微,000670,2018-01-08,7.05,7.06,7.12,6.87,349067,243392775.0,3.54,-0.14,-0.01,5.82
盈方微,000670,2018-01-09,7.0,6.82,7.0,6.8,367917,251941337.0,2.83,-3.4,-0.24,6.13
盈方微,000670,2018-01-10,6.72,6.68,6.87,6.58,311441,209007007.0,4.25,-2.05,-0.14,5.19
盈方微,000670,2018-01-11,6.62,6.74,6.8,6.5,253194,169450620.0,4.49,0.9,0.06,4.22
盈方微,000670,2018-01-12,6.68,6.59,6.78,6.57,195925,130352197.0,3.12,-2.23,-0.15,3.26
盈方微,000670,2018-01-15,6.51,6.17,6.56,6.03,362659,226613016.0,8.04,-6.37,-0.42,6.04
盈方微,000670,2018-01-16,6.1,6.12,6.23,6.03,204990,125682832.0,3.24,-0.81,-0.05,3.42
盈方微,000670,2018-01-17,6.12,6.23,6.31,5.88,289916,176920179.0,7.03,1.8,0.11,4.83
盈方微,000670,2018-01-18,6.17,6.11,6.2,6.1,141697,87072975.0,1.61,-1.93,-0.12,2.36
盈方微,000670,2018-01-19,6.14,6.13,6.25,6.07,148904,91904708.0,2.95,0.33,0.02,2.48
盈方微,000670,2018-01-22,6.09,6.13,6.2,5.98,143812,87893072.0,3.59,0.0,0.0,2.4
盈方微,000670,2018-01-23,6.11,6.11,6.18,6.07,106711,65294509.0,1.79,-0.33,-0.02,1.78
盈方微,000670,2018-01-24,6.0,6.18,6.25,5.9,281110,171029930.0,5.73,1.15,0.07,4.68
盈方微,000670,2018-01-25,6.11,6.05,6.18,6.05,182787,111431925.0,2.1,-2.1,-0.13,3.05
盈方微,000670,2018-01-26,6.0,5.96,6.09,5.95,128638,77281776.0,2.31,-1.49,-0.09,2.14
盈方微,000670,2018-01-29,5.99,5.85,6.04,5.83,129795,76756013.0,3.52,-1.85,-0.11,2.16
盈方微,000670,2018-01-30,5.84,5.82,5.9,5.81,82247,48088187.0,1.54,-0.51,-0.03,1.37
盈方微,000670,2018-01-31,5.36,5.24,5.46,5.24,297875,157898451.0,3.78,-9.97,-0.58,4.96
盈方微,000670,2018-02-01,5.12,4.72,5.12,4.72,316558,151605402.0,7.63,-9.92,-0.52,5.27
盈方微,000670,2018-02-02,4.4,4.45,4.55,4.25,263016,115458439.0,6.36,-5.72,-0.27,4.38
盈方微,000670,2018-02-05,4.33,4.46,4.54,4.28,132878,59443223.0,5.84,0.22,0.01,2.21
盈方微,000670,2018-02-06,4.38,4.02,4.42,4.01,182176,77174348.0,9.19,-9.87,-0.44,3.04
盈方微,000670,2018-02-07,4.14,4.42,4.42,4.01,184251,77670792.0,10.2,9.95,0.4,3.07
盈方微,000670,2018-02-08,4.54,4.86,4.86,4.54,416690,197884074.0,7.24,9.95,0.44,6.94
盈方微,000670,2018-02-09,4.45,4.83,5.13,4.45,565565,274452656.0,13.99,-0.62,-0.03,9.42
盈方微,000670,2018-02-12,4.79,4.92,5.12,4.79,373624,184528981.0,6.83,1.86,0.09,6.23
盈方微,000670,2018-02-13,4.85,4.67,4.9,4.66,268103,127984664.0,4.88,-5.08,-0.25,4.47
盈方微,000670,2018-02-14,4.67,4.71,4.87,4.67,138724,65762179.0,4.28,0.86,0.04,2.31
盈方微,000670,2018-02-22,4.28,4.74,4.89,4.28,292762,135948929.0,12.95,0.64,0.03,4.88
盈方微,000670,2018-02-23,4.63,4.63,4.72,4.55,216062,100131699.0,3.59,-2.32,-0.11,3.6
盈方微,000670,2018-02-26,4.74,5.09,5.09,4.64,414972,202445575.0,9.72,9.94,0.46,6.91
盈方微,000670,2018-02-27,5.16,5.19,5.39,5.16,505666,265950458.0,4.52,1.96,0.1,8.43
盈方微,000670,2018-02-28,5.1,5.12,5.3,4.93,340087,175411679.0,7.13,-1.35,-0.07,5.67
盈方微,000670,2018-03-01,5.17,5.62,5.63,5.17,605688,331287584.0,8.98,9.77,0.5,10.09
盈方微,000670,2018-03-02,5.44,5.46,5.58,5.35,485831,264306196.0,4.09,-2.85,-0.16,8.09
盈方微,000670,2018-03-05,5.4,5.67,5.89,5.32,428452,237842167.0,10.44,3.85,0.21,7.14
盈方微,000670,2018-03-06,5.56,5.63,5.8,5.52,399465,226065066.0,4.94,-0.71,-0.04,6.66
盈方微,000670,2018-03-07,5.55,5.62,5.75,5.55,319065,180110542.0,3.55,-0.18,-0.01,5.32
盈方微,000670,2018-03-08,5.58,5.55,5.62,5.41,291405,159981521.0,3.74,-1.25,-0.07,4.86
盈方微,000670,2018-03-09,5.48,5.58,5.74,5.45,343914,192969103.0,5.23,0.54,0.03,5.73
盈方微,000670,2018-03-12,5.51,5.66,5.73,5.47,362026,203833951.0,4.66,1.43,0.08,6.03
盈方微,000670,2018-03-13,5.58,5.76,6.23,5.5,523287,301987872.0,12.9,1.77,0.1,8.72
盈方微,000670,2018-03-14,5.66,5.53,5.76,5.48,333718,188444216.0,4.86,-3.99,-0.23,5.56
盈方微,000670,2018-03-15,5.5,5.45,5.58,5.34,235740,128280451.0,4.34,-1.45,-0.08,3.93
盈方微,000670,2018-03-16,5.4,5.35,5.49,5.35,177966,96230801.0,2.57,-1.83,-0.1,2.97
盈方微,000670,2018-03-19,5.3,5.36,5.47,5.25,168891,91203977.0,4.11,0.19,0.01,2.81
盈方微,000670,2018-03-20,5.3,5.22,5.35,5.13,189938,99365042.0,4.1,-2.61,-0.14,3.16
盈方微,000670,2018-03-21,5.28,5.27,5.43,5.25,205131,109331934.0,3.45,0.96,0.05,3.42
盈方微,000670,2018-03-22,5.25,5.35,5.45,5.22,198045,105516864.0,4.36,1.52,0.08,3.3
盈方微,000670,2018-03-23,5.16,4.82,5.18,4.82,287742,143292349.0,6.73,-9.91,-0.53,4.79
盈方微,000670,2018-03-26,4.75,5.3,5.3,4.69,361572,184506855.0,12.66,9.96,0.48,6.02
盈方微,000670,2018-03-27,5.4,5.44,5.6,5.35,466468,255383973.0,4.72,2.64,0.14,7.77
盈方微,000670,2018-03-28,5.31,5.38,5.53,5.26,303942,165382811.0,4.96,-1.1,-0.06,5.06
盈方微,000670,2018-03-29,5.42,5.46,5.52,5.32,218334,119025913.0,3.72,1.49,0.08,3.64
盈方微,000670,2018-03-30,5.51,6.01,6.01,5.45,694524,403229312.0,10.26,10.07,0.55,11.57
盈方微,000670,2018-04-02,6.08,6.2,6.59,6.01,1035750,649708624.0,9.65,3.16,0.19,17.26
盈方微,000670,2018-04-03,6.02,5.98,6.04,5.85,591189,351095888.0,3.06,-3.55,-0.22,9.85
盈方微,000670,2018-04-04,5.94,6.12,6.25,5.8,700496,423900336.0,7.53,2.34,0.14,11.67
盈方微,000670,2018-04-09,6.03,6.27,6.35,5.88,654096,403366960.0,7.68,2.45,0.15,10.9
盈方微,000670,2018-04-10,6.24,5.98,6.24,5.92,503216,303119584.0,5.1,-4.63,-0.29,8.38
盈方微,000670,2018-04-11,5.93,5.83,6.04,5.77,349480,205560020.0,4.52,-2.51,-0.15,5.82
盈方微,000670,2018-04-12,5.84,5.76,5.95,5.76,248908,145251468.0,3.26,-1.2,-0.07,4.15
盈方微,000670,2018-04-13,5.81,5.95,6.03,5.7,362047,211890886.0,5.73,3.3,0.19,6.03
盈方微,000670,2018-04-16,5.8,5.89,6.01,5.75,316473,186466220.0,4.37,-1.01,-0.06,5.27
盈方微,000670,2018-04-17,5.89,6.11,6.38,5.87,651114,396706176.0,8.66,3.74,0.22,10.85
盈方微,000670,2018-04-18,6.29,6.72,6.72,6.14,1129217,734707920.0,9.49,9.98,0.61,18.82
盈方微,000670,2018-04-19,6.8,6.46,6.8,6.43,1104350,726671040.0,5.51,-3.87,-0.26,18.4
盈方微,000670,2018-04-20,6.45,6.74,6.98,6.37,1159605,787368896.0,9.44,4.33,0.28,19.32
盈方微,000670,2018-04-23,6.58,6.49,6.85,6.23,791114,516226000.0,9.2,-3.71,-0.25,13.18
盈方微,000670,2018-04-24,6.29,6.63,6.77,6.23,722561,469976832.0,8.32,2.16,0.14,12.04
盈方微,000670,2018-04-25,6.45,6.47,6.74,6.4,557605,365867792.0,5.13,-2.41,-0.16,9.29
盈方微,000670,2018-04-26,6.5,6.59,6.82,6.47,692433,460862384.0,5.41,1.85,0.12,11.54
盈方微,000670,2018-04-27,6.65,6.32,6.75,6.25,504008,321236544.0,7.59,-4.1,-0.27,8.4
盈方微,000670,2018-05-02,6.28,6.08,6.38,6.0,376889,231036251.0,6.01,-3.8,-0.24,6.28
盈方微,000670,2018-05-03,6.06,6.18,6.21,5.7,452478,270439152.0,8.39,1.64,0.1,7.54
盈方微,000670,2018-05-04,6.12,6.58,6.8,6.03,1042051,686738272.0,12.46,6.47,0.4,17.36
盈方微,000670,2018-05-07,6.43,6.64,6.64,6.33,792641,514791632.0,4.71,0.91,0.06,13.21
盈方微,000670,2018-05-08,6.58,6.53,6.61,6.41,494387,321477872.0,3.01,-1.66,-0.11,8.24
盈方微,000670,2018-05-09,6.53,6.77,7.1,6.5,983884,671980496.0,9.19,3.68,0.24,16.39
盈方微,000670,2018-05-10,6.5,6.57,6.64,6.41,745690,483730080.0,3.4,-2.95,-0.2,12.42
盈方微,000670,2018-05-11,6.5,6.39,6.56,6.38,388987,250807930.0,2.74,-2.74,-0.18,6.48
盈方微,000670,2018-05-14,6.28,6.29,6.49,6.21,327842,208243478.0,4.38,-1.56,-0.1,5.46
盈方微,000670,2018-05-15,6.2,6.36,6.37,6.2,301791,190014575.0,2.7,1.11,0.07,5.03
盈方微,000670,2018-05-16,6.32,6.31,6.44,6.28,277921,176980788.0,2.52,-0.79,-0.05,4.63
盈方微,000670,2018-05-17,6.23,6.11,6.38,6.11,320587,199358370.0,4.28,-3.17,-0.2,5.34
盈方微,000670,2018-05-18,6.1,6.15,6.16,5.92,307982,186290739.0,3.93,0.65,0.04,5.13
盈方微,000670,2018-05-21,6.17,6.29,6.33,6.12,324610,202924012.0,3.41,2.28,0.14,5.41
盈方微,000670,2018-05-22,6.31,6.27,6.36,6.18,253520,158659946.0,2.86,-0.32,-0.02,4.22
盈方微,000670,2018-05-23,6.27,6.38,6.75,6.15,595842,382954704.0,9.57,1.75,0.11,9.93
盈方微,000670,2018-05-24,6.27,6.21,6.4,6.2,341165,214554717.0,3.13,-2.66,-0.17,5.68
盈方微,000670,2018-05-25,6.22,6.07,6.25,6.05,255484,156326921.0,3.22,-2.25,-0.14,4.26
盈方微,000670,2018-05-28,6.01,5.81,6.06,5.61,278933,163958904.0,7.41,-4.28,-0.26,4.65
盈方微,000670,2018-05-29,5.83,5.8,5.97,5.76,182479,106813319.0,3.61,-0.17,-0.01,3.04
盈方微,000670,2018-05-30,5.7,5.82,6.12,5.66,339081,200493692.0,7.93,0.34,0.02,5.65
盈方微,000670,2018-05-31,5.78,5.81,5.89,5.62,235130,135757306.0,4.64,-0.17,-0.01,3.92
盈方微,000670,2018-06-01,5.77,5.5,5.8,5.42,252840,142074779.0,6.54,-5.34,-0.31,4.21
盈方微,000670,2018-06-04,5.5,5.53,5.65,5.41,184420,102543231.0,4.36,0.55,0.03,3.07
盈方微,000670,2018-06-05,5.54,5.62,5.64,5.53,154528,86385131.0,1.99,1.63,0.09,2.57
盈方微,000670,2018-06-06,5.57,5.56,5.61,5.53,137552,76451382.0,1.42,-1.07,-0.06,2.29
盈方微,000670,2018-06-07,5.56,5.42,5.6,5.41,166891,91535334.0,3.42,-2.52,-0.14,2.78
盈方微,000670,2018-06-08,5.4,5.33,5.44,5.23,174313,92689186.0,3.87,-1.66,-0.09,2.9
盈方微,000670,2018-06-11,5.17,4.92,5.23,4.82,371090,185449224.0,7.69,-7.69,-0.41,6.18
盈方微,000670,2018-06-12,4.93,4.93,4.97,4.52,307606,147399781.0,9.15,0.2,0.01,5.13
盈方微,000670,2018-06-13,4.89,4.99,5.2,4.78,304092,153770854.0,8.52,1.22,0.06,5.07
盈方微,000670,2018-06-14,4.9,5.01,5.13,4.83,222732,111728657.0,6.01,0.4,0.02,3.71
盈方微,000670,2018-06-15,5.02,5.17,5.3,4.88,357729,181723289.0,8.38,3.19,0.16,5.96
盈方微,000670,2018-06-19,5.06,5.05,5.3,4.69,428397,218069577.0,11.8,-2.32,-0.12,7.14
盈方微,000670,2018-06-20,4.98,5.12,5.2,4.9,292080,148307556.0,5.94,1.39,0.07,4.87
盈方微,000670,2018-06-21,5.08,4.82,5.15,4.81,265027,131589890.0,6.64,-5.86,-0.3,4.42
盈方微,000670,2018-06-22,4.74,4.87,4.93,4.6,174748,84325381.0,6.85,1.04,0.05,2.91
盈方微,000670,2018-06-25,4.94,4.83,4.98,4.81,129269,63213519.0,3.49,-0.82,-0.04,2.15
盈方微,000670,2018-06-26,4.75,5.08,5.12,4.7,325769,162896615.0,8.7,5.18,0.25,5.43
盈方微,000670,2018-06-27,5.07,5.03,5.14,4.97,240651,121354823.0,3.35,-0.98,-0.05,4.01
盈方微,000670,2018-06-28,5.04,4.94,5.11,4.94,191454,96345178.0,3.38,-1.79,-0.09,3.19
盈方微,000670,2018-06-29,4.92,5.43,5.43,4.92,634293,337796992.0,10.32,9.92,0.49,10.57
盈方微,000670,2018-07-02,5.37,5.27,5.45,5.21,487078,259122045.0,4.42,-2.95,-0.16,8.12
盈方微,000670,2018-07-03,5.24,5.5,5.59,5.18,560671,303999824.0,7.78,4.36,0.23,9.35
盈方微,000670,2018-07-04,5.42,5.37,5.46,5.3,311486,167057950.0,2.91,-2.36,-0.13,5.19
盈方微,000670,2018-07-05,5.31,5.24,5.47,5.22,257814,137265975.0,4.66,-2.42,-0.13,4.3
盈方微,000670,2018-07-06,5.21,5.31,5.45,5.18,353753,188677199.0,5.15,1.34,0.07,5.9
盈方微,000670,2018-07-09,4.9,4.78,4.91,4.78,188408,90369548.0,2.45,-9.98,-0.53,3.14
盈方微,000670,2018-07-10,4.3,4.3,4.3,4.3,177022,76119460.0,0.0,-10.04,-0.48,2.95
盈方微,000670,2018-07-11,3.91,4.37,4.56,3.91,619097,262387895.0,15.12,1.63,0.07,10.32
盈方微,000670,2018-07-12,4.19,4.34,4.45,4.17,507978,219216363.0,6.41,-0.69,-0.03,8.47
盈方微,000670,2018-07-13,4.33,4.24,4.37,4.23,276525,118016570.0,3.23,-2.3,-0.1,4.61
盈方微,000670,2018-07-16,4.15,4.22,4.29,4.15,187492,79448508.0,3.3,-0.47,-0.02,3.13
盈方微,000670,2018-07-17,4.23,4.27,4.34,4.2,186202,79792468.0,3.32,1.18,0.05,3.11
盈方微,000670,2018-07-18,4.26,4.19,4.35,4.18,166907,71087860.0,3.98,-1.87,-0.08,2.78
盈方微,000670,2018-07-19,4.2,4.03,4.22,4.01,201604,82057214.0,5.01,-3.82,-0.16,3.36
盈方微,000670,2018-07-20,4.02,4.06,4.08,3.94,177353,71353065.0,3.47,0.74,0.03,2.96
盈方微,000670,2018-07-23,4.06,4.41,4.47,4.03,634106,279652768.0,10.84,8.62,0.35,10.58
盈方微,000670,2018-07-24,4.22,4.35,4.42,4.22,511124,220050026.0,4.54,-1.36,-0.06,8.52
盈方微,000670,2018-07-25,4.32,4.43,4.68,4.3,531191,239203019.0,8.74,1.84,0.08,8.86
盈方微,000670,2018-07-26,4.49,4.43,4.52,4.37,288502,127618967.0,3.39,0.0,0.0,4.81
盈方微,000670,2018-07-27,4.39,4.33,4.47,4.32,219905,96482183.0,3.39,-2.26,-0.1,3.67
盈方微,000670,2018-07-30,4.36,4.3,4.4,4.28,148313,64164579.0,2.77,-0.69,-0.03,2.47
盈方微,000670,2018-07-31,4.32,4.32,4.37,4.27,109781,47215884.0,2.33,0.47,0.02,1.83
盈方微,000670,2018-08-01,4.31,4.29,4.41,4.28,163624,71092216.0,3.01,-0.69,-0.03,2.73
盈方微,000670,2018-08-02,4.22,4.1,4.22,4.01,199057,81457648.0,4.9,-4.43,-0.19,3.32
盈方微,000670,2018-08-03,4.09,4.02,4.13,4.02,105972,43082225.0,2.68,-1.95,-0.08,1.77
盈方微,000670,2018-08-06,4.01,3.94,4.07,3.9,106144,42230076.0,4.23,-1.99,-0.08,1.77
盈方微,000670,2018-08-07,3.93,4.03,4.03,3.93,116972,46702501.0,2.54,2.28,0.09,1.95
盈方微,000670,2018-08-08,4.03,4.02,4.14,4.0,146899,59749467.0,3.47,-0.25,-0.01,2.45
盈方微,000670,2018-08-09,3.81,4.05,4.13,3.8,302609,121881726.0,8.21,0.75,0.03,5.05
盈方微,000670,2018-08-10,4.01,4.02,4.08,3.98,174098,69894585.0,2.47,-0.74,-0.03,2.9
盈方微,000670,2018-08-13,3.95,4.23,4.42,3.91,312839,131198229.0,12.69,5.22,0.21,5.22
盈方微,000670,2018-08-14,4.18,4.14,4.22,4.12,189719,79030514.0,2.36,-2.13,-0.09,3.16
盈方微,000670,2018-08-15,4.14,4.11,4.21,4.11,161030,66905188.0,2.42,-0.72,-0.03,2.69
盈方微,000670,2018-08-16,4.02,4.01,4.18,3.95,141523,57518039.0,5.6,-2.43,-0.1,2.36
盈方微,000670,2018-08-17,4.01,3.96,4.1,3.95,115393,46285242.0,3.74,-1.25,-0.05,1.92
盈方微,000670,2018-08-20,3.98,4.06,4.09,3.92,114644,45867435.0,4.29,2.53,0.1,1.91
盈方微,000670,2018-08-21,4.06,4.07,4.13,4.0,142795,58042205.0,3.2,0.25,0.01,2.38
盈方微,000670,2018-08-22,4.05,3.96,4.06,3.96,95789,38389828.0,2.46,-2.7,-0.11,1.6
盈方微,000670,2018-08-23,3.97,4.01,4.1,3.97,117197,47321438.0,3.28,1.26,0.05,1.95
盈方微,000670,2018-08-24,3.98,3.96,4.0,3.94,100828,40019685.0,1.5,-1.25,-0.05,1.68
盈方微,000670,2018-08-27,3.96,4.02,4.04,3.96,95810,38416521.0,2.02,1.52,0.06,1.6
盈方微,000670,2018-08-28,4.03,4.03,4.1,4.0,99095,40008471.0,2.49,0.25,0.01,1.65
盈方微,000670,2018-08-29,4.03,3.97,4.04,3.96,78985,31519633.0,1.99,-1.49,-0.06,1.32
盈方微,000670,2018-08-30,3.96,3.9,3.99,3.9,79417,31242414.0,2.27,-1.76,-0.07,1.32
盈方微,000670,2018-08-31,3.88,3.87,3.92,3.82,73645,28471139.0,2.56,-0.77,-0.03,1.23
盈方微,000670,2018-09-03,3.87,3.92,3.92,3.82,64522,24986603.0,2.58,1.29,0.05,1.08
盈方微,000670,2018-09-04,3.89,4.03,4.2,3.89,180296,72366205.0,7.91,2.81,0.11,3.01
盈方微,000670,2018-09-05,3.99,3.94,4.02,3.93,127519,50762515.0,2.23,-2.23,-0.09,2.13
盈方微,000670,2018-09-06,3.94,3.96,4.05,3.91,106838,42522643.0,3.55,0.51,0.02,1.78
盈方微,000670,2018-09-07,3.96,3.91,4.0,3.86,111058,43776199.0,3.54,-1.26,-0.05,1.85
盈方微,000670,2018-09-10,3.87,3.83,3.91,3.82,94089,36257976.0,2.3,-2.05,-0.08,1.57
盈方微,000670,2018-09-11,3.84,3.84,3.89,3.8,76330,29242674.0,2.35,0.26,0.01,1.27
盈方微,000670,2018-09-12,3.82,3.83,3.86,3.81,54473,20919247.0,1.3,-0.26,-0.01,0.91
盈方微,000670,2018-09-13,3.84,3.85,3.88,3.82,68108,26176180.0,1.57,0.52,0.02,1.14
盈方微,000670,2018-09-14,3.85,3.71,3.86,3.71,102108,38726264.0,3.9,-3.64,-0.14,1.7
盈方微,000670,2018-09-17,3.71,3.54,3.72,3.51,98499,35124958.0,5.66,-4.58,-0.17,1.64
盈方微,000670,2018-09-18,3.56,3.67,3.8,3.51,134037,48620770.0,8.19,3.67,0.13,2.24
盈方微,000670,2018-09-19,3.63,3.73,3.83,3.62,166301,62017449.0,5.72,1.63,0.06,2.77
盈方微,000670,2018-09-20,3.72,3.7,3.78,3.68,96938,36010727.0,2.68,-0.8,-0.03,1.62
盈方微,000670,2018-09-21,3.73,3.71,3.74,3.67,81347,30116636.0,1.89,0.27,0.01,1.36
盈方微,000670,2018-09-25,3.68,3.7,3.8,3.67,99023,36987042.0,3.5,-0.27,-0.01,1.65
盈方微,000670,2018-09-26,3.7,3.7,3.76,3.65,88333,32726580.0,2.97,0.0,0.0,1.47
盈方微,000670,2018-09-27,3.7,3.56,3.7,3.56,119406,43182872.0,3.78,-3.78,-0.14,1.99
盈方微,000670,2018-09-28,3.55,3.57,3.6,3.54,65844,23499485.0,1.69,0.28,0.01,1.1
盈方微,000670,2018-10-08,3.39,3.36,3.49,3.33,88171,30100457.0,4.48,-5.88,-0.21,1.47
盈方微,000670,2018-10-09,3.36,3.37,3.43,3.36,58733,19886790.0,2.08,0.3,0.01,0.98
盈方微,000670,2018-10-10,3.41,3.42,3.5,3.32,95373,32523235.0,5.34,1.48,0.05,1.59
盈方微,000670,2018-10-11,3.29,3.08,3.31,3.08,146064,46450301.0,6.73,-9.94,-0.34,2.44
盈方微,000670,2018-10-12,2.99,2.92,3.06,2.8,147130,42926290.0,8.44,-5.19,-0.16,2.45
盈方微,000670,2018-10-15,2.91,2.85,2.99,2.84,72654,21174322.0,5.14,-2.4,-0.07,1.21
盈方微,000670,2018-10-16,2.88,2.79,2.92,2.75,90217,25657371.0,5.96,-2.11,-0.06,1.5
盈方微,000670,2018-10-17,2.82,3.07,3.07,2.76,193506,57285601.0,11.11,10.04,0.28,3.23
盈方微,000670,2018-10-18,3.12,3.0,3.26,2.97,430068,135240195.0,9.45,-2.28,-0.07,7.17
盈方微,000670,2018-10-19,2.9,3.05,3.07,2.81,274568,81782731.0,8.67,1.67,0.05,4.58
盈方微,000670,2018-10-22,3.03,3.17,3.25,3.02,334248,104872482.0,7.54,3.93,0.12,5.57
盈方微,000670,2018-10-23,3.15,3.06,3.18,3.05,186877,58026393.0,4.1,-3.47,-0.11,3.12
盈方微,000670,2018-10-24,3.03,3.05,3.13,3.01,123369,37915758.0,3.92,-0.33,-0.01,2.06
盈方微,000670,2018-10-25,2.84,3.06,3.07,2.84,141908,41989793.0,7.54,0.33,0.01,2.37
盈方微,000670,2018-10-26,3.08,3.07,3.17,3.06,140136,43560626.0,3.59,0.33,0.01,2.34
盈方微,000670,2018-10-29,3.02,3.05,3.15,3.01,109289,33595252.0,4.56,-0.65,-0.02,1.82
盈方微,000670,2018-10-30,3.03,3.04,3.09,2.94,119289,36154101.0,4.92,-0.33,-0.01,1.99
盈方微,000670,2018-10-31,3.08,3.34,3.34,3.05,306432,99186942.0,9.54,9.87,0.3,5.11
盈方微,000670,2018-11-01,3.6,3.31,3.6,3.31,613157,210882970.0,8.68,-0.9,-0.03,10.23
盈方微,000670,2018-11-02,3.29,3.36,3.4,3.27,355160,118579183.0,3.93,1.51,0.05,5.92
盈方微,000670,2018-11-05,3.34,3.56,3.58,3.31,485412,168044154.0,8.04,5.95,0.2,8.1
盈方微,000670,2018-11-06,3.57,3.65,3.78,3.41,498093,177879905.0,10.39,2.53,0.09,8.31
盈方微,000670,2018-11-07,3.66,3.69,3.84,3.55,485039,179071685.0,7.95,1.1,0.04,8.09
盈方微,000670,2018-11-08,3.65,3.51,3.7,3.46,347021,125038870.0,6.5,-4.88,-0.18,5.79
盈方微,000670,2018-11-09,3.53,3.7,3.85,3.5,530736,195784862.0,9.97,5.41,0.19,8.85
盈方微,000670,2018-11-12,3.66,3.83,3.95,3.58,516411,194708676.0,10.0,3.51,0.13,8.61
盈方微,000670,2018-11-13,3.74,4.0,4.15,3.72,594693,232793437.0,11.23,4.44,0.17,9.92
盈方微,000670,2018-11-14,3.96,4.01,4.2,3.9,590695,237121093.0,7.5,0.25,0.01,9.85
盈方微,000670,2018-11-15,3.93,3.99,4.1,3.92,379955,152288168.0,4.49,-0.5,-0.02,6.34
盈方微,000670,2018-11-16,3.96,4.04,4.18,3.88,532554,213415357.0,7.52,1.25,0.05,8.88
盈方微,000670,2018-11-19,3.94,3.9,3.99,3.88,318274,125043848.0,2.72,-3.47,-0.14,5.31
盈方微,000670,2018-11-20,3.85,3.85,4.03,3.81,361012,141975521.0,5.64,-1.28,-0.05,6.02
盈方微,000670,2018-11-21,3.76,3.81,3.85,3.72,247696,93674113.0,3.38,-1.04,-0.04,4.13
盈方微,000670,2018-11-22,3.8,3.94,4.1,3.8,472412,186965674.0,7.87,3.41,0.13,7.88
盈方微,000670,2018-11-23,3.96,3.65,3.96,3.59,364985,137671049.0,9.39,-7.36,-0.29,6.09
盈方微,000670,2018-11-26,3.68,3.67,3.74,3.6,162202,59533968.0,3.84,0.55,0.02,2.71
盈方微,000670,2018-11-27,3.61,3.61,3.72,3.52,266422,96494499.0,5.45,-1.63,-0.06,4.44
盈方微,000670,2018-11-28,3.61,3.65,3.67,3.49,215295,77395418.0,4.99,1.11,0.04,3.59
盈方微,000670,2018-11-29,3.67,3.61,3.8,3.61,351775,130437403.0,5.21,-1.1,-0.04,5.87
盈方微,000670,2018-11-30,3.6,3.54,3.65,3.4,247309,87444604.0,6.93,-1.94,-0.07,4.12
盈方微,000670,2018-12-03,3.64,3.68,3.76,3.55,279312,102981073.0,5.93,3.95,0.14,4.66
盈方微,000670,2018-12-04,3.68,3.74,3.75,3.66,232582,86353000.0,2.45,1.63,0.06,3.88
盈方微,000670,2018-12-05,3.65,3.66,3.79,3.61,203252,74662563.0,4.81,-2.14,-0.08,3.39
盈方微,000670,2018-12-06,3.63,3.83,3.93,3.62,498536,189274198.0,8.47,4.64,0.17,8.31
盈方微,000670,2018-12-07,3.79,3.7,3.83,3.7,296352,110976045.0,3.39,-3.39,-0.13,4.94
盈方微,000670,2018-12-10,3.6,3.58,3.69,3.56,176226,63690530.0,3.51,-3.24,-0.12,2.94
盈方微,000670,2018-12-11,3.62,3.62,3.65,3.58,132817,47880089.0,1.96,1.12,0.04,2.22
盈方微,000670,2018-12-12,3.63,3.56,3.64,3.55,111781,40030134.0,2.49,-1.66,-0.06,1.86
盈方微,000670,2018-12-13,3.56,3.52,3.61,3.5,204710,72744887.0,3.09,-1.12,-0.04,3.41
盈方微,000670,2018-12-14,3.52,3.37,3.53,3.34,173355,59501605.0,5.4,-4.26,-0.15,2.89
盈方微,000670,2018-12-17,3.33,3.36,3.41,3.31,84573,28414836.0,2.97,-0.3,-0.01,1.41
盈方微,000670,2018-12-18,3.41,3.39,3.48,3.36,120162,41018953.0,3.57,0.89,0.03,2.0
盈方微,000670,2018-12-19,3.4,3.34,3.41,3.31,91951,30827487.0,2.95,-1.47,-0.05,1.53
盈方微,000670,2018-12-20,3.31,3.36,3.37,3.3,77012,25760074.0,2.1,0.6,0.02,1.28
盈方微,000670,2018-12-21,3.36,3.34,3.38,3.31,76913,25731137.0,2.08,-0.6,-0.02,1.28
盈方微,000670,2018-12-24,3.35,3.37,3.38,3.31,71749,24075025.0,2.1,0.9,0.03,1.2
盈方微,000670,2018-12-25,3.33,3.4,3.45,3.15,199918,65697887.0,8.9,0.89,0.03,3.33
盈方微,000670,2018-12-26,3.39,3.34,3.42,3.33,115183,38759172.0,2.65,-1.76,-0.06,1.92
盈方微,000670,2018-12-27,3.37,3.17,3.38,3.16,151367,49793559.0,6.59,-5.09,-0.17,2.52
盈方微,000670,2018-12-28,3.15,3.18,3.24,3.15,92876,29634951.0,2.84,0.32,0.01,1.55
盈方微,000670,2019-01-02,3.17,3.17,3.21,3.15,69082,21996943.0,1.89,-0.31,-0.01,1.15
盈方微,000670,2019-01-03,3.16,3.2,3.31,3.16,125729,40689777.0,4.73,0.95,0.03,2.09
盈方微,000670,2019-01-04,3.13,3.26,3.29,3.08,181526,58469945.0,6.56,1.88,0.06,3.02
盈方微,000670,2019-01-07,3.3,3.35,3.41,3.24,205162,68373111.0,5.21,2.76,0.09,3.42
盈方微,000670,2019-01-08,3.32,3.34,3.36,3.29,129663,43146107.0,2.09,-0.3,-0.01,2.16
盈方微,000670,2019-01-09,3.36,3.67,3.67,3.32,316517,111914441.0,10.48,9.88,0.33,5.27
盈方微,000670,2019-01-10,3.86,4.04,4.04,3.86,1032508,414961568.0,4.9,10.08,0.37,17.2
盈方微,000670,2019-01-11,4.06,3.81,4.3,3.76,1182122,473584224.0,13.37,-5.69,-0.23,19.7
盈方微,000670,2019-01-14,3.64,3.72,3.73,3.56,639600,233263715.0,4.46,-2.36,-0.09,10.66
盈方微,000670,2019-01-15,3.66,4.09,4.09,3.61,777402,302314144.0,12.9,9.95,0.37,12.95
盈方微,000670,2019-01-16,4.09,3.9,4.09,3.87,780639,309857424.0,5.38,-4.65,-0.19,13.01
盈方微,000670,2019-01-17,3.88,3.93,4.08,3.79,653777,259795174.0,7.44,0.77,0.03,10.89
盈方微,000670,2019-01-18,4.0,4.08,4.18,3.93,732460,296961728.0,6.36,3.82,0.15,12.2
盈方微,000670,2019-01-21,3.99,4.01,4.08,3.84,494447,196474321.0,5.88,-1.72,-0.07,8.24
盈方微,000670,2019-01-22,3.94,3.82,3.98,3.81,407934,157835604.0,4.24,-4.74,-0.19,6.8
盈方微,000670,2019-01-23,3.79,3.83,3.94,3.74,268558,103279560.0,5.24,0.26,0.01,4.47
盈方微,000670,2019-01-24,3.79,4.21,4.21,3.79,747536,306396448.0,10.97,9.92,0.38,12.46
盈方微,000670,2019-01-25,4.26,4.3,4.62,4.2,1448830,635675872.0,9.98,2.14,0.09,24.14
盈方微,000670,2019-01-28,3.87,3.87,3.87,3.87,116654,45145098.0,0.0,-10.0,-0.43,1.94
盈方微,000670,2019-01-29,3.48,3.48,3.48,3.48,33179,11546292.0,0.0,-10.08,-0.39,0.55
盈方微,000670,2019-01-30,3.13,3.13,3.13,3.13,57482,17991866.0,0.0,-10.06,-0.35,0.96
盈方微,000670,2019-01-31,2.82,3.04,3.35,2.82,1080375,327010544.0,16.93,-2.88,-0.09,18.0
盈方微,000670,2019-02-01,3.01,3.09,3.12,2.91,577445,175562836.0,6.91,1.64,0.05,9.62
盈方微,000670,2019-02-11,3.11,3.17,3.35,3.05,604817,191205281.0,9.71,2.59,0.08,10.08
盈方微,000670,2019-02-12,3.18,3.26,3.29,3.15,576922,185663213.0,4.42,2.84,0.09,9.61
盈方微,000670,2019-02-13,3.26,3.5,3.59,3.21,868504,300659248.0,11.66,7.36,0.24,14.47
盈方微,000670,2019-02-14,3.38,3.42,3.48,3.36,590710,201742183.0,3.43,-2.29,-0.08,9.84
盈方微,000670,2019-02-15,3.42,3.41,3.5,3.37,422251,145178218.0,3.8,-0.29,-0.01,7.04
盈方微,000670,2019-02-18,3.44,3.64,3.67,3.37,782730,278119440.0,8.8,6.74,0.23,13.04
盈方微,000670,2019-02-19,3.66,3.77,3.98,3.59,864133,323722208.0,10.71,3.57,0.13,14.4
盈方微,000670,2019-02-20,3.74,3.74,3.83,3.65,510200,190634773.0,4.77,-0.8,-0.03,8.5
盈方微,000670,2019-02-21,3.76,3.81,3.92,3.71,711094,271958064.0,5.61,1.87,0.07,11.85
盈方微,000670,2019-02-22,3.77,3.84,3.84,3.72,538267,203873643.0,3.15,0.79,0.03,8.97
盈方微,000670,2019-02-25,3.88,4.09,4.21,3.85,815364,328117200.0,9.38,6.51,0.25,13.59
盈方微,000670,2019-02-26,4.1,3.99,4.19,3.9,755552,304468832.0,7.09,-2.44,-0.1,12.59
盈方微,000670,2019-02-27,3.97,3.92,4.05,3.87,533984,211924979.0,4.51,-1.75,-0.07,8.9
盈方微,000670,2019-02-28,3.86,3.88,3.95,3.83,406778,158416247.0,3.06,-1.02,-0.04,6.78
盈方微,000670,2019-03-01,3.9,3.84,3.93,3.74,370820,141604015.0,4.9,-1.03,-0.04,6.18
盈方微,000670,2019-03-04,3.93,3.99,4.11,3.91,768200,308547152.0,5.21,3.91,0.15,12.8
盈方微,000670,2019-03-05,3.94,4.39,4.39,3.92,1077544,457173664.0,11.78,10.03,0.4,17.95
盈方微,000670,2019-03-06,4.56,4.56,4.76,4.41,1454067,665036912.0,7.97,3.87,0.17,24.23
盈方微,000670,2019-03-07,4.46,4.7,4.88,4.4,1052570,490061296.0,10.53,3.07,0.14,17.54
盈方微,000670,2019-03-08,5.16,5.17,5.17,4.87,888856,454566416.0,6.38,10.0,0.47,14.81
盈方微,000670,2019-03-11,5.69,5.69,5.69,5.41,1219676,692074624.0,5.42,10.06,0.52,20.32
盈方微,000670,2019-03-12,5.79,6.26,6.26,5.69,2195188,1332002768.0,10.02,10.02,0.57,36.58
盈方微,000670,2019-03-13,6.57,6.89,6.89,6.55,2079348,1404537152.0,5.43,10.06,0.63,34.65
盈方微,000670,2019-03-14,6.2,6.2,6.47,6.2,378700,236011405.0,3.92,-10.01,-0.69,6.31
盈方微,000670,2019-03-15,5.62,6.08,6.6,5.62,1838242,1115838720.0,15.81,-1.94,-0.12,30.63
盈方微,000670,2019-03-18,5.74,5.81,5.84,5.47,1580511,884748368.0,6.09,-4.44,-0.27,26.33
盈方微,000670,2019-03-19,5.55,5.71,6.07,5.49,1199685,691514192.0,9.98,-1.72,-0.1,19.99
盈方微,000670,2019-03-20,5.59,5.71,5.78,5.38,996254,557691616.0,7.01,0.0,0.0,16.6
盈方微,000670,2019-03-21,5.69,6.28,6.28,5.61,1738754,1056331328.0,11.73,9.98,0.57,28.97
盈方微,000670,2019-03-22,6.3,6.53,6.85,6.02,2046518,1326840832.0,13.22,3.98,0.25,34.1
盈方微,000670,2019-03-25,6.1,6.9,7.17,5.88,1884046,1211015728.0,19.75,5.67,0.37,31.39
盈方微,000670,2019-03-27,6.56,6.56,6.56,6.56,8734,5729504.0,0.0,-4.93,-0.34,0.15
盈方微,000670,2019-03-28,6.23,6.23,6.23,6.23,5390,3357970.0,0.0,-5.03,-0.33,0.09
盈方微,000670,2019-03-29,5.92,5.92,5.92,5.92,14346,8492832.0,0.0,-4.98,-0.31,0.24
盈方微,000670,2019-04-01,5.62,5.62,5.62,5.62,19035,10697670.0,0.0,-5.07,-0.3,0.32
盈方微,000670,2019-04-02,5.34,5.61,5.84,5.34,2440626,1323919280.0,8.9,-0.18,-0.01,40.67
盈方微,000670,2019-04-03,5.36,5.33,5.37,5.33,576435,307928656.0,0.71,-4.99,-0.28,9.6
盈方微,000670,2019-04-04,5.07,5.06,5.19,5.06,904597,459314736.0,2.44,-5.07,-0.27,15.07
盈方微,000670,2019-04-08,4.93,4.81,4.98,4.81,656181,317421024.0,3.36,-4.94,-0.25,10.93
盈方微,000670,2019-04-09,4.83,4.79,4.93,4.71,855744,413076448.0,4.57,-0.42,-0.02,14.26
盈方微,000670,2019-04-10,4.71,4.74,4.81,4.59,600913,283732176.0,4.59,-1.04,-0.05,10.01
盈方微,000670,2019-04-11,4.73,4.83,4.98,4.69,837493,406390080.0,6.12,1.9,0.09,13.95
盈方微,000670,2019-04-12,4.8,4.59,4.85,4.59,812158,377558080.0,5.38,-4.97,-0.24,13.53
盈方微,000670,2019-04-15,4.62,4.36,4.65,4.36,756887,338693216.0,6.32,-5.01,-0.23,12.61
盈方微,000670,2019-04-16,4.28,4.38,4.4,4.22,624327,269489440.0,4.13,0.46,0.02,10.4
盈方微,000670,2019-04-17,4.36,4.39,4.49,4.34,550444,243117580.0,3.42,0.23,0.01,9.17
盈方微,000670,2019-04-18,4.37,4.27,4.38,4.25,475624,205040347.0,2.96,-2.73,-0.12,7.92
盈方微,000670,2019-04-19,4.28,4.48,4.48,4.24,717796,315057632.0,5.62,4.92,0.21,11.96
盈方微,000670,2019-04-22,4.48,4.32,4.48,4.3,564573,246514715.0,4.02,-3.57,-0.16,9.41
盈方微,000670,2019-04-24,4.1,4.1,4.1,4.1,24681,10119210.0,0.0,-5.09,-0.22,0.41
盈方微,000670,2019-04-25,3.9,3.9,3.9,3.9,18597,7252830.0,0.0,-4.88,-0.2,0.31
盈方微,000670,2019-04-26,3.71,3.71,3.71,3.71,9453,3507063.0,0.0,-4.87,-0.19,0.16
盈方微,000670,2019-04-29,3.52,3.52,3.52,3.52,13013,4580576.0,0.0,-5.12,-0.19,0.22
盈方微,000670,2019-04-30,3.34,3.34,3.42,3.34,791882,265580453.0,2.27,-5.11,-0.18,13.19
盈方微,000670,2019-05-06,3.19,3.17,3.23,3.17,306280,97285085.0,1.8,-5.09,-0.17,5.1
盈方微,000670,2019-05-07,3.1,3.01,3.18,3.01,554761,169537305.0,5.36,-5.05,-0.16,9.24
盈方微,000670,2019-05-08,2.94,3.05,3.15,2.87,564186,171697512.0,9.3,1.33,0.04,9.4
盈方微,000670,2019-05-09,3.04,3.06,3.18,3.01,401266,124185690.0,5.57,0.33,0.01,6.69
盈方微,000670,2019-05-10,3.05,3.21,3.21,3.02,595197,186802165.0,6.21,4.9,0.15,9.92
盈方微,000670,2019-05-13,3.1,3.05,3.17,3.05,610061,188736850.0,3.74,-4.98,-0.16,10.16
盈方微,000670,2019-05-14,2.95,3.01,3.04,2.93,407241,121118776.0,3.61,-1.31,-0.04,6.79
盈方微,000670,2019-05-15,3.04,3.16,3.16,2.99,368628,114097788.0,5.65,4.98,0.15,6.14
盈方微,000670,2019-05-16,3.17,3.2,3.28,3.12,554453,177311819.0,5.06,1.27,0.04,9.24
盈方微,000670,2019-05-17,3.23,3.27,3.36,3.19,802145,264469796.0,5.31,2.19,0.07,13.37
盈方微,000670,2019-05-20,3.14,3.11,3.22,3.11,506081,158828353.0,3.36,-4.89,-0.16,8.43
盈方微,000670,2019-05-21,3.06,3.02,3.12,2.95,413275,125166995.0,5.47,-2.89,-0.09,6.89
盈方微,000670,2019-05-22,3.01,3.01,3.08,2.98,267632,81018182.0,3.31,-0.33,-0.01,4.46
盈方微,000670,2019-05-23,3.05,3.05,3.16,3.03,370200,114313476.0,4.32,1.33,0.04,6.17
盈方微,000670,2019-05-24,2.97,2.9,2.98,2.9,270598,78936941.0,2.62,-4.92,-0.15,4.51
盈方微,000670,2019-05-27,2.77,2.89,2.94,2.77,365758,104094760.0,5.86,-0.34,-0.01,6.09
盈方微,000670,2019-05-28,2.87,2.9,2.97,2.87,257821,75222737.0,3.46,0.35,0.01,4.3
盈方微,000670,2019-05-29,2.84,2.8,2.9,2.76,341402,96528105.0,4.83,-3.45,-0.1,5.69
盈方微,000670,2019-05-30,2.77,2.66,2.78,2.66,184277,49439587.0,4.29,-5.0,-0.14,3.07
盈方微,000670,2019-05-31,2.54,2.54,2.64,2.53,435982,111607585.0,4.14,-4.51,-0.12,7.26
盈方微,000670,2019-06-03,2.5,2.41,2.52,2.41,199217,48388235.0,4.33,-5.12,-0.13,3.32
盈方微,000670,2019-06-04,2.29,2.29,2.33,2.29,246430,56565954.0,1.66,-4.98,-0.12,4.11
盈方微,000670,2019-06-05,2.29,2.18,2.32,2.18,227046,50174313.0,6.11,-4.8,-0.11,3.78
盈方微,000670,2019-06-06,2.11,2.07,2.13,2.07,159236,33050624.0,2.75,-5.05,-0.11,2.65
盈方微,000670,2019-06-10,1.99,1.97,2.0,1.97,140741,27776892.0,1.45,-4.83,-0.1,2.35
盈方微,000670,2019-06-11,1.87,2.0,2.03,1.87,368187,72057247.0,8.12,1.52,0.03,6.13
盈方微,000670,2019-06-12,1.96,2.1,2.1,1.93,337481,69618334.0,8.5,5.0,0.1,5.62
盈方微,000670,2019-06-13,2.13,2.21,2.21,2.1,273232,59375100.0,5.24,5.24,0.11,4.55
盈方微,000670,2019-06-14,2.27,2.17,2.32,2.12,482460,108631747.0,9.05,-1.81,-0.04,8.04
盈方微,000670,2019-06-17,2.06,2.06,2.11,2.06,336507,69567475.0,2.3,-5.07,-0.11,5.61
盈方微,000670,2019-06-18,2.04,2.14,2.16,2.04,234398,49666263.0,5.83,3.88,0.08,3.91
盈方微,000670,2019-06-19,2.21,2.13,2.21,2.11,206315,44407929.0,4.67,-0.47,-0.01,3.44
盈方微,000670,2019-06-20,2.13,2.08,2.14,2.06,197909,41317318.0,3.76,-2.35,-0.05,3.3
盈方微,000670,2019-06-21,2.18,2.18,2.18,2.18,108100,23565800.0,0.0,4.81,0.1,1.8
盈方微,000670,2019-06-24,2.26,2.24,2.29,2.2,340328,76524053.0,4.13,2.75,0.06,5.67
盈方微,000670,2019-06-25,2.22,2.26,2.3,2.18,227555,51081955.0,5.36,0.89,0.02,3.79
盈方微,000670,2019-06-26,2.22,2.37,2.37,2.21,333925,77772471.0,7.08,4.87,0.11,5.56
盈方微,000670,2019-06-27,2.37,2.35,2.45,2.35,331092,79315387.0,4.22,-0.84,-0.02,5.52
盈方微,000670,2019-06-28,2.31,2.28,2.36,2.23,255856,58484010.0,5.53,-2.98,-0.07,4.26
盈方微,000670,2019-07-01,2.34,2.33,2.34,2.28,206117,47590195.0,2.63,2.19,0.05,3.43
盈方微,000670,2019-07-02,2.32,2.45,2.45,2.3,407467,98641848.0,6.44,5.15,0.12,6.79
盈方微,000670,2019-07-03,2.45,2.33,2.49,2.33,376190,89103324.0,6.53,-4.9,-0.12,6.27
盈方微,000670,2019-07-04,2.29,2.31,2.36,2.28,144319,33444318.0,3.43,-0.86,-0.02,2.4
盈方微,000670,2019-07-05,2.32,2.33,2.37,2.3,128802,30126280.0,3.03,0.87,0.02,2.15
盈方微,000670,2019-07-08,2.24,2.21,2.24,2.21,123600,27372668.0,1.29,-5.15,-0.12,2.06
盈方微,000670,2019-07-09,2.15,2.16,2.19,2.11,150539,32186539.0,3.62,-2.26,-0.05,2.51
盈方微,000670,2019-07-10,2.15,2.17,2.23,2.15,121415,26617990.0,3.7,0.46,0.01,2.02
盈方微,000670,2019-07-11,2.18,2.17,2.23,2.15,116388,25575280.0,3.69,0.0,0.0,1.94
盈方微,000670,2019-07-12,2.18,2.14,2.18,2.11,92750,19810501.0,3.23,-1.38,-0.03,1.55
盈方微,000670,2019-07-15,2.13,2.17,2.18,2.11,83477,17988699.0,3.27,1.4,0.03,1.39
盈方微,000670,2019-07-16,2.16,2.17,2.19,2.14,98449,21321141.0,2.3,0.0,0.0,1.64
盈方微,000670,2019-07-17,2.15,2.13,2.16,2.13,98812,21199946.0,1.38,-1.84,-0.04,1.65
盈方微,000670,2019-07-18,2.1,2.02,2.11,2.02,217322,44215753.0,4.23,-5.16,-0.11,3.62
盈方微,000670,2019-07-19,2.02,2.02,2.05,2.0,92529,18795897.0,2.48,0.0,0.0,1.54
盈方微,000670,2019-07-22,2.01,1.92,2.03,1.92,155857,30230970.0,5.45,-4.95,-0.1,2.6
盈方微,000670,2019-07-23,1.95,2.02,2.02,1.92,137353,27299184.0,5.21,5.21,0.1,2.29
盈方微,000670,2019-07-24,2.04,2.03,2.08,2.02,146783,30018050.0,2.97,0.5,0.01,2.45
盈方微,000670,2019-07-25,2.01,2.06,2.08,2.01,113586,23279759.0,3.45,1.48,0.03,1.89
盈方微,000670,2019-07-26,2.04,2.04,2.06,2.03,78320,15984499.0,1.46,-0.97,-0.02,1.3
盈方微,000670,2019-07-29,2.04,2.01,2.05,2.0,67065,13580840.0,2.45,-1.47,-0.03,1.12
盈方微,000670,2019-07-30,2.0,2.01,2.03,2.0,73043,14696562.0,1.49,0.0,0.0,1.22
盈方微,000670,2019-07-31,2.0,1.99,2.02,1.99,58189,11621889.0,1.49,-1.0,-0.02,0.97
盈方微,000670,2019-08-01,1.96,2.03,2.07,1.96,93696,19010436.0,5.53,2.01,0.04,1.56
盈方微,000670,2019-08-02,1.98,2.04,2.04,1.98,92180,18474908.0,2.96,0.49,0.01,1.54
盈方微,000670,2019-08-05,2.02,1.99,2.08,1.97,124156,25098571.0,5.39,-2.45,-0.05,2.07
盈方微,000670,2019-08-06,1.95,1.94,1.96,1.89,132601,25380536.0,3.52,-2.51,-0.05,2.21
盈方微,000670,2019-08-07,1.94,1.93,1.97,1.91,72058,13968520.0,3.09,-0.52,-0.01,1.2
盈方微,000670,2019-08-08,2.01,2.03,2.03,1.99,346476,70175622.0,2.07,5.18,0.1,5.77
盈方微,000670,2019-08-09,1.98,1.93,1.99,1.93,286919,55662070.0,2.96,-4.93,-0.1,4.78
盈方微,000670,2019-08-12,1.87,1.89,1.91,1.83,195285,36268135.0,4.15,-2.07,-0.04,3.25
盈方微,000670,2019-08-13,1.87,1.88,1.92,1.84,117984,22197920.0,4.23,-0.53,-0.01,1.97
盈方微,000670,2019-08-14,1.88,1.88,1.91,1.86,88028,16604501.0,2.66,0.0,0.0,1.47
盈方微,000670,2019-08-15,1.83,1.85,1.86,1.8,107217,19588720.0,3.19,-1.6,-0.03,1.79
盈方微,000670,2019-08-16,1.85,1.83,1.87,1.83,73906,13661568.0,2.16,-1.08,-0.02,1.23
盈方微,000670,2019-08-19,1.84,1.87,1.88,1.83,97607,18148472.0,2.73,2.19,0.04,1.63
盈方微,000670,2019-08-20,1.86,1.87,1.89,1.86,86964,16288047.0,1.6,0.0,0.0,1.45
盈方微,000670,2019-08-21,1.85,1.86,1.87,1.84,71090,13201379.0,1.6,-0.53,-0.01,1.18
盈方微,000670,2019-08-22,1.86,1.93,1.95,1.84,178507,33917418.0,5.91,3.76,0.07,2.97
盈方微,000670,2019-08-23,1.91,1.88,1.92,1.87,121385,22924534.0,2.59,-2.59,-0.05,2.02
盈方微,000670,2019-08-26,1.81,1.84,1.85,1.8,79304,14552874.0,2.66,-2.13,-0.04,1.32
盈方微,000670,2019-08-27,1.91,1.89,1.92,1.88,159045,30220686.0,2.17,2.72,0.05,2.65
盈方微,000670,2019-08-28,1.88,1.9,1.91,1.87,88698,16782587.0,2.12,0.53,0.01,1.48
盈方微,000670,2019-08-29,1.9,1.88,1.91,1.87,73010,13847745.0,2.11,-1.05,-0.02,1.22
盈方微,000670,2019-08-30,1.89,1.84,1.9,1.84,109212,20428647.0,3.19,-2.13,-0.04,1.82
盈方微,000670,2019-09-02,1.84,1.88,1.89,1.83,89542,16726925.0,3.26,2.17,0.04,1.49
盈方微,000670,2019-09-03,1.87,1.97,1.97,1.87,256095,49683676.0,5.32,4.79,0.09,4.27
盈方微,000670,2019-09-04,1.96,2.01,2.07,1.92,316304,63664601.0,7.61,2.03,0.04,5.27
盈方微,000670,2019-09-05,2.0,2.0,2.03,1.98,189612,37971223.0,2.49,-0.5,-0.01,3.16
盈方微,000670,2019-09-06,2.0,2.04,2.04,1.98,151173,30350857.0,3.0,2.0,0.04,2.52
盈方微,000670,2019-09-09,2.04,2.14,2.14,2.04,290117,61317892.0,4.9,4.9,0.1,4.83
盈方微,000670,2019-09-10,2.14,2.11,2.19,2.09,244732,52051670.0,4.67,-1.4,-0.03,4.08
盈方微,000670,2019-09-11,2.09,2.15,2.2,2.09,192135,41247745.0,5.21,1.9,0.04,3.2
盈方微,000670,2019-09-12,2.15,2.13,2.17,2.08,156433,33152404.0,4.19,-0.93,-0.02,2.61
盈方微,000670,2019-09-16,2.24,2.24,2.24,2.2,123493,27638484.0,1.88,5.16,0.11,2.06
盈方微,000670,2019-09-17,2.35,2.35,2.35,2.35,44911,10554087.0,0.0,4.91,0.11,0.75
盈方微,000670,2019-09-18,2.47,2.3,2.47,2.26,490872,115918047.0,8.94,-2.13,-0.05,8.18
盈方微,000670,2019-09-19,2.3,2.34,2.37,2.21,299185,68191313.0,6.96,1.74,0.04,4.99
盈方微,000670,2019-09-20,2.31,2.32,2.38,2.28,198347,46356812.0,4.27,-0.85,-0.02,3.3
盈方微,000670,2019-09-23,2.29,2.29,2.33,2.25,164700,37569672.0,3.45,-1.29,-0.03,2.74
盈方微,000670,2019-09-24,2.28,2.36,2.4,2.28,211545,49963300.0,5.24,3.06,0.07,3.52
盈方微,000670,2019-09-25,2.33,2.45,2.48,2.31,243415,59024504.0,7.2,3.81,0.09,4.06
盈方微,000670,2019-09-26,2.51,2.33,2.52,2.33,234250,55769592.0,7.76,-4.9,-0.12,3.9
盈方微,000670,2019-09-27,2.27,2.33,2.39,2.27,156869,36651294.0,5.15,0.0,0.0,2.61
盈方微,000670,2019-09-30,2.44,2.37,2.44,2.34,161674,38661540.0,4.29,1.72,0.04,2.69
盈方微,000670,2019-10-08,2.34,2.26,2.38,2.25,141807,32630429.0,5.49,-4.64,-0.11,2.36
盈方微,000670,2019-10-09,2.2,2.22,2.28,2.19,127039,28256536.0,3.98,-1.77,-0.04,2.12
盈方微,000670,2019-10-10,2.22,2.23,2.25,2.19,113113,25061603.0,2.7,0.45,0.01,1.88
盈方微,000670,2019-10-11,2.22,2.26,2.26,2.22,87321,19588933.0,1.79,1.35,0.03,1.45
盈方微,000670,2019-10-14,2.26,2.27,2.3,2.22,118251,26753688.0,3.54,0.44,0.01,1.97
盈方微,000670,2019-10-15,2.25,2.26,2.32,2.25,82718,18798693.0,3.08,-0.44,-0.01,1.38
盈方微,000670,2019-10-16,2.32,2.25,2.32,2.25,105315,24040324.0,3.1,-0.44,-0.01,1.75
盈方微,000670,2019-10-17,2.24,2.21,2.27,2.2,95186,21222963.0,3.11,-1.78,-0.04,1.59
盈方微,000670,2019-10-18,2.22,2.14,2.23,2.11,147782,31976394.0,5.43,-3.17,-0.07,2.46
盈方微,000670,2019-10-21,2.16,2.16,2.18,2.11,106663,22901400.0,3.27,0.93,0.02,1.78
盈方微,000670,2019-10-22,2.15,2.15,2.16,2.12,80840,17219738.0,1.85,-0.46,-0.01,1.35
盈方微,000670,2019-10-23,2.15,2.12,2.15,2.1,61892,13134099.0,2.33,-1.4,-0.03,1.03
盈方微,000670,2019-10-24,2.12,2.04,2.12,2.02,106204,21906359.0,4.72,-3.77,-0.08,1.77
盈方微,000670,2019-10-25,2.03,2.05,2.06,2.0,75848,15330102.0,2.94,0.49,0.01,1.26
盈方微,000670,2019-10-28,2.05,2.12,2.14,2.05,111574,23604697.0,4.39,3.41,0.07,1.86
盈方微,000670,2019-10-29,2.13,2.08,2.13,2.08,73719,15526415.0,2.36,-1.89,-0.04,1.23
盈方微,000670,2019-10-30,2.06,2.11,2.12,2.05,75130,15701318.0,3.37,1.44,0.03,1.25
盈方微,000670,2019-10-31,2.1,2.09,2.15,2.06,78498,16575249.0,4.27,-0.95,-0.02,1.31
盈方微,000670,2019-11-01,2.08,2.09,2.11,2.05,48249,10055264.0,2.87,0.0,0.0,0.8
盈方微,000670,2019-11-04,2.07,2.03,2.1,2.02,94957,19494130.0,3.83,-2.87,-0.06,1.58
盈方微,000670,2019-11-05,2.04,2.13,2.13,2.04,191885,40622682.0,4.43,4.93,0.1,3.2
盈方微,000670,2019-11-06,2.14,2.11,2.17,2.09,101044,21439261.0,3.76,-0.94,-0.02,1.68
盈方微,000670,2019-11-07,2.11,2.13,2.17,2.09,80422,17109447.0,3.79,0.95,0.02,1.34
盈方微,000670,2019-11-08,2.15,2.07,2.17,2.06,98208,20682344.0,5.16,-2.82,-0.06,1.64
盈方微,000670,2019-11-11,2.05,1.97,2.05,1.97,130649,25975680.0,3.86,-4.83,-0.1,2.18
盈方微,000670,2019-11-12,1.99,2.02,2.07,1.94,111079,22328332.0,6.6,2.54,0.05,1.85
盈方微,000670,2019-11-13,2.0,2.07,2.08,2.0,84941,17325104.0,3.96,2.48,0.05,1.42
盈方微,000670,2019-11-14,2.11,2.08,2.12,2.07,74742,15634427.0,2.42,0.48,0.01,1.25
盈方微,000670,2019-11-15,2.09,2.15,2.17,2.07,133571,28583879.0,4.81,3.37,0.07,2.23
盈方微,000670,2019-11-18,2.15,2.15,2.19,2.13,87357,18818128.0,2.79,0.0,0.0,1.46
盈方微,000670,2019-11-19,2.15,2.14,2.16,2.13,68062,14580225.0,1.4,-0.47,-0.01,1.13
盈方微,000670,2019-11-20,2.16,2.09,2.16,2.08,74923,15867534.0,3.74,-2.34,-0.05,1.25
盈方微,000670,2019-11-21,2.08,2.13,2.17,2.08,69321,14783408.0,4.31,1.91,0.04,1.16
盈方微,000670,2019-11-22,2.15,2.12,2.15,2.09,54534,11528512.0,2.82,-0.47,-0.01,0.91
盈方微,000670,2019-11-25,2.12,2.1,2.12,2.08,41945,8807217.0,1.89,-0.94,-0.02,0.7
盈方微,000670,2019-11-26,2.1,2.13,2.15,2.08,64416,13690577.0,3.33,1.43,0.03,1.07
盈方微,000670,2019-11-27,2.12,2.16,2.16,2.1,85225,18231847.0,2.82,1.41,0.03,1.42
盈方微,000670,2019-11-28,2.16,2.27,2.27,2.15,177540,39832434.0,5.56,5.09,0.11,2.96
盈方微,000670,2019-11-29,2.3,2.33,2.38,2.25,266767,61832433.0,5.73,2.64,0.06,4.44
盈方微,000670,2019-12-02,2.31,2.44,2.45,2.26,231038,54185700.0,8.15,4.72,0.11,3.85
盈方微,000670,2019-12-03,2.4,2.39,2.49,2.37,268997,65524039.0,4.92,-2.05,-0.05,4.48
盈方微,000670,2019-12-04,2.36,2.3,2.47,2.28,239574,56739827.0,7.95,-3.77,-0.09,3.99
盈方微,000670,2019-12-05,2.32,2.3,2.34,2.27,131986,30408569.0,3.04,0.0,0.0,2.2
盈方微,000670,2019-12-06,2.3,2.34,2.36,2.29,107410,25025601.0,3.04,1.74,0.04,1.79
盈方微,000670,2019-12-09,2.29,2.29,2.32,2.22,140319,31902634.0,4.27,-2.14,-0.05,2.34
盈方微,000670,2019-12-10,2.25,2.26,2.28,2.23,102262,23028597.0,2.18,-1.31,-0.03,1.7
盈方微,000670,2019-12-11,2.3,2.25,2.3,2.23,99636,22532645.0,3.1,-0.44,-0.01,1.66
盈方微,000670,2019-12-12,2.23,2.21,2.25,2.2,107034,23826958.0,2.22,-1.78,-0.04,1.78
盈方微,000670,2019-12-13,2.23,2.24,2.27,2.22,108934,24462560.0,2.26,1.36,0.03,1.82
盈方微,000670,2019-12-16,2.23,2.23,2.23,2.19,129470,28605440.0,1.79,-0.45,-0.01,2.16
盈方微,000670,2019-12-17,2.22,2.28,2.29,2.21,159834,36068709.0,3.59,2.24,0.05,2.66
盈方微,000670,2019-12-18,2.28,2.26,2.29,2.25,109962,24902652.0,1.75,-0.88,-0.02,1.83
盈方微,000670,2019-12-19,2.25,2.3,2.33,2.23,148171,33889208.0,4.42,1.77,0.04,2.47
盈方微,000670,2019-12-20,2.3,2.34,2.36,2.29,182136,42320711.0,3.04,1.74,0.04,3.03
盈方微,000670,2019-12-23,2.3,2.26,2.32,2.22,197525,44699080.0,4.27,-3.42,-0.08,3.29
盈方微,000670,2019-12-24,2.25,2.37,2.37,2.24,330489,77519270.0,5.75,4.87,0.11,5.51
盈方微,000670,2019-12-25,2.39,2.3,2.41,2.26,333479,77730710.0,6.33,-2.95,-0.07,5.56
盈方微,000670,2019-12-26,2.29,2.27,2.32,2.25,206480,47057057.0,3.04,-1.3,-0.03,3.44
盈方微,000670,2019-12-27,2.26,2.2,2.27,2.19,240756,53620206.0,3.52,-3.08,-0.07,4.01
盈方微,000670,2019-12-30,2.11,2.11,2.14,2.09,184998,39033454.0,2.27,-4.09,-0.09,3.08
盈方微,000670,2019-12-31,2.07,2.13,2.14,2.05,89771,19056889.0,4.27,0.95,0.02,1.49
盈方微,000670,2020-01-02,2.15,2.15,2.17,2.14,119389,25763987.0,1.41,0.94,0.02,1.99
盈方微,000670,2020-01-03,2.15,2.19,2.2,2.14,119363,25941606.0,2.79,1.86,0.04,1.99
盈方微,000670,2020-01-06,2.18,2.17,2.19,2.15,119364,25900766.0,1.83,-0.91,-0.02,1.99
盈方微,000670,2020-01-07,2.16,2.25,2.27,2.16,216012,48117197.0,5.07,3.69,0.08,3.6
盈方微,000670,2020-01-08,2.22,2.22,2.29,2.22,163602,36728141.0,3.11,-1.33,-0.03,2.72
盈方微,000670,2020-01-09,2.23,2.24,2.25,2.22,114796,25675528.0,1.35,0.9,0.02,1.91
盈方微,000670,2020-01-10,2.26,2.22,2.26,2.18,100856,22388244.0,3.57,-0.89,-0.02,1.68
盈方微,000670,2020-01-13,2.22,2.2,2.22,2.15,94562,20653133.0,3.15,-0.9,-0.02,1.57
盈方微,000670,2020-01-14,2.19,2.18,2.22,2.17,81295,17784769.0,2.27,-0.91,-0.02,1.35
盈方微,000670,2020-01-15,2.19,2.21,2.24,2.17,114481,25243412.0,3.21,1.38,0.03,1.91
盈方微,000670,2020-01-16,2.2,2.17,2.22,2.17,101620,22267022.0,2.26,-1.81,-0.04,1.69
盈方微,000670,2020-01-17,2.06,2.06,2.06,2.06,44650,9197900.0,0.0,-5.07,-0.11,0.74
盈方微,000670,2020-01-20,1.96,1.96,1.96,1.96,42951,8418396.0,0.0,-4.85,-0.1,0.72
盈方微,000670,2020-01-21,1.86,1.87,1.95,1.86,396955,74754164.0,4.59,-4.59,-0.09,6.61
盈方微,000670,2020-01-22,1.85,1.88,1.92,1.83,159138,30065475.0,4.81,0.53,0.01,2.65
盈方微,000670,2020-01-23,1.89,1.81,1.89,1.8,189861,34660417.0,4.79,-3.72,-0.07,3.16
盈方微,000670,2020-02-03,1.72,1.72,1.72,1.72,16398,2820456.0,0.0,-4.97,-0.09,0.27
盈方微,000670,2020-02-04,1.63,1.63,1.7,1.63,218631,35823219.0,4.07,-5.23,-0.09,3.64
盈方微,000670,2020-02-05,1.64,1.65,1.68,1.63,124309,20601777.0,3.07,1.23,0.02,2.07
盈方微,000670,2020-02-06,1.65,1.73,1.73,1.63,195652,33355531.0,6.06,4.85,0.08,3.26
盈方微,000670,2020-02-07,1.74,1.82,1.82,1.71,175407,31537111.0,6.36,5.2,0.09,2.92
盈方微,000670,2020-02-10,1.85,1.91,1.91,1.85,114393,21770505.0,3.3,4.95,0.09,1.9
盈方微,000670,2020-02-11,2.01,2.01,2.01,2.01,19747,3969147.0,0.0,5.24,0.1,0.33
盈方微,000670,2020-02-12,2.11,1.98,2.11,1.91,283165,56011201.0,9.95,-1.49,-0.03,4.71
盈方微,000670,2020-02-13,1.95,2.03,2.04,1.94,193189,38342263.0,5.05,2.53,0.05,3.22
盈方微,000670,2020-02-14,2.0,1.93,2.06,1.93,210485,41317042.0,6.4,-4.93,-0.1,3.5
盈方微,000670,2020-02-17,1.95,1.95,1.96,1.85,157956,30264977.0,5.7,1.04,0.02,2.63
盈方微,000670,2020-02-18,1.93,1.93,1.95,1.91,128884,24834214.0,2.05,-1.03,-0.02,2.15
盈方微,000670,2020-02-19,1.91,2.0,2.03,1.88,229866,45184770.0,7.77,3.63,0.07,3.83
盈方微,000670,2020-02-20,1.95,1.98,2.01,1.94,168334,33204815.0,3.5,-1.0,-0.02,2.8
盈方微,000670,2020-02-21,1.96,1.92,1.97,1.88,185172,35588392.0,4.55,-3.03,-0.06,3.08
盈方微,000670,2020-02-24,1.92,1.97,2.0,1.91,147895,29124740.0,4.69,2.6,0.05,2.46
盈方微,000670,2020-02-25,1.91,1.97,1.99,1.91,175108,34216473.0,4.06,0.0,0.0,2.92
盈方微,000670,2020-02-26,1.94,2.01,2.07,1.94,248855,50405397.0,6.6,2.03,0.04,4.14
盈方微,000670,2020-02-27,2.0,2.02,2.09,1.98,144045,29270054.0,5.47,0.5,0.01,2.4
盈方微,000670,2020-02-28,1.96,1.92,1.99,1.92,163910,31829155.0,3.47,-4.95,-0.1,2.73
盈方微,000670,2020-03-02,1.89,1.9,1.93,1.83,154278,29068173.0,5.21,-1.04,-0.02,2.57
盈方微,000670,2020-03-03,1.93,1.96,1.99,1.93,164455,32387369.0,3.16,3.16,0.06,2.74
盈方微,000670,2020-03-04,1.93,1.95,1.98,1.9,105104,20429713.0,4.08,-0.51,-0.01,1.75
盈方微,000670,2020-03-05,1.96,1.99,1.99,1.95,115928,22907624.0,2.05,2.05,0.04,1.93
盈方微,000670,2020-03-06,2.0,1.99,2.01,1.96,122476,24356870.0,2.51,0.0,0.0,2.04
盈方微,000670,2020-03-09,1.94,1.91,1.96,1.91,136039,26241994.0,2.51,-4.02,-0.08,2.26
盈方微,000670,2020-03-10,1.85,1.94,1.95,1.85,105048,20053307.0,5.24,1.57,0.03,1.75
盈方微,000670,2020-03-11,1.93,1.95,1.99,1.93,114507,22544032.0,3.09,0.52,0.01,1.91
盈方微,000670,2020-03-12,1.92,1.96,1.97,1.92,113373,22097232.0,2.56,0.51,0.01,1.89
盈方微,000670,2020-03-13,1.9,2.06,2.06,1.88,327838,66395445.0,9.18,5.1,0.1,5.46
盈方微,000670,2020-03-16,2.16,2.15,2.16,2.06,435916,93497535.0,4.85,4.37,0.09,7.26
盈方微,000670,2020-03-17,2.08,2.24,2.26,2.08,374057,82611704.0,8.37,4.19,0.09,6.23
盈方微,000670,2020-03-18,2.2,2.14,2.28,2.13,334739,73538713.0,6.7,-4.46,-0.1,5.57
盈方微,000670,2020-03-19,2.15,2.25,2.25,2.09,356549,78367754.0,7.48,5.14,0.11,5.94
盈方微,000670,2022-08-22,11.02,13.24,13.25,11.02,912213,1114665076.41,99.11,488.44,10.99,15.16
盈方微,000670,2022-08-23,11.92,11.92,12.98,11.92,1419140,1716985218.4,8.01,-9.97,-1.32,23.58
盈方微,000670,2022-08-24,10.73,10.73,10.73,10.73,99382,106636886.0,0.0,-9.98,-1.19,1.65
盈方微,000670,2022-08-25,9.66,11.11,11.72,9.66,2073768,2180160165.55,19.2,3.54,0.38,34.46
盈方微,000670,2022-08-26,10.02,10.0,10.55,10.0,1600004,1628085315.0,4.95,-9.99,-1.11,26.59
盈方微,000670,2022-08-29,9.5,9.25,10.15,9.21,1186300,1134482875.1,9.4,-7.5,-0.75,19.71
盈方微,000670,2022-08-30,9.19,9.37,9.68,9.02,1162647,1091811105.36,7.14,1.3,0.12,19.32
盈方微,000670,2022-08-31,9.17,9.42,9.68,8.93,1134897,1059105455.24,8.0,0.53,0.05,18.86
盈方微,000670,2022-09-01,9.43,10.36,10.36,9.43,1821085,1844942884.02,9.87,9.98,0.94,30.26
盈方微,000670,2022-09-02,10.36,11.4,11.4,10.2,1446822,1578833717.41,11.58,10.04,1.04,24.04
盈方微,000670,2022-09-05,11.5,10.43,11.75,10.26,2075222,2292752514.72,13.07,-8.51,-0.97,34.48
盈方微,000670,2022-09-06,10.21,10.05,10.55,9.91,1407542,1430499626.85,6.14,-3.64,-0.38,23.39
盈方微,000670,2022-09-07,9.91,9.76,10.35,9.68,1326274,1323875197.36,6.67,-2.89,-0.29,22.04
盈方微,000670,2022-09-08,9.61,9.13,9.74,9.13,1064549,996738480.01,6.25,-6.45,-0.63,17.69
盈方微,000670,2022-09-09,9.13,9.1,9.34,8.97,730032,667731972.51,4.05,-0.33,-0.03,12.13
盈方微,000670,2022-09-13,9.1,9.32,9.34,8.97,734646,672427614.66,4.07,2.42,0.22,12.21
盈方微,000670,2022-09-14,9.12,9.8,10.08,9.08,1263780,1223102478.34,10.73,5.15,0.48,21.0
盈方微,000670,2022-09-15,9.65,8.82,9.7,8.82,1091502,1002810932.43,8.98,-10.0,-0.98,18.14
盈方微,000670,2022-09-16,8.62,8.26,8.77,8.18,830447,703151528.8,6.69,-6.35,-0.56,13.8
盈方微,000670,2022-09-19,8.19,7.82,8.32,7.76,669302,535366680.8,6.78,-5.33,-0.44,11.12
盈方微,000670,2022-09-20,7.95,8.06,8.17,7.87,595902,476819217.98,3.84,3.07,0.24,9.9
盈方微,000670,2022-09-21,7.87,8.14,8.24,7.83,685983,548939857.0,5.09,0.99,0.08,11.4
盈方微,000670,2022-09-22,8.02,8.01,8.3,7.97,568523,461376606.6,4.05,-1.6,-0.13,9.32
盈方微,000670,2022-09-23,7.92,7.51,7.98,7.48,677845,520891632.5,6.24,-6.24,-0.5,11.12
盈方微,000670,2022-09-26,7.5,7.31,7.61,7.27,436513,324378403.04,4.53,-2.66,-0.2,7.16
盈方微,000670,2022-09-27,7.33,7.46,7.51,7.31,446128,330596894.05,2.74,2.05,0.15,7.32
盈方微,000670,2022-09-28,7.4,7.16,7.43,7.12,532986,386751054.0,4.16,-4.02,-0.3,8.74
盈方微,000670,2022-09-29,7.26,7.05,7.31,7.05,360961,258837823.78,3.63,-1.54,-0.11,5.92
盈方微,000670,2022-09-30,7.08,7.01,7.18,6.99,308904,218086450.7,2.7,-0.57,-0.04,5.07
盈方微,000670,2022-10-10,7.07,6.78,7.11,6.72,315810,217480940.01,5.56,-3.28,-0.23,5.18
盈方微,000670,2022-10-11,6.82,6.8,6.86,6.72,248270,168372133.0,2.06,0.29,0.02,4.07
盈方微,000670,2022-10-12,6.78,7.48,7.48,6.75,635540,466254179.84,10.74,10.0,0.68,10.42
盈方微,000670,2022-10-13,7.55,7.25,7.71,7.25,1047598,782368058.77,6.15,-3.07,-0.23,17.18
盈方微,000670,2022-10-14,7.26,7.33,7.44,7.25,679132,498263265.24,2.62,1.1,0.08,11.14
盈方微,000670,2022-10-17,7.23,7.54,7.68,7.19,741896,554000770.7,6.68,2.86,0.21,12.17
盈方微,000670,2022-10-18,7.56,7.43,7.57,7.32,573471,424954362.92,3.32,-1.46,-0.11,9.4
盈方微,000670,2022-10-19,7.43,7.34,7.6,7.28,498099,369944007.0,4.31,-1.21,-0.09,8.17
盈方微,000670,2022-10-20,7.39,8.07,8.07,7.36,916279,710926156.42,9.67,9.95,0.73,15.02
盈方微,000670,2022-10-21,8.13,8.43,8.81,7.73,1564428,1285138908.82,13.38,4.46,0.36,25.65
盈方微,000670,2022-10-24,8.2,9.27,9.27,8.14,1555706,1364737392.9,13.4,9.96,0.84,25.51
盈方微,000670,2022-10-25,9.0,8.34,9.23,8.34,1468914,1292992723.04,9.6,-10.03,-0.93,24.09
盈方微,000670,2022-10-26,8.03,8.63,9.0,7.94,1290229,1087342450.43,12.71,3.48,0.29,21.16
盈方微,000670,2022-10-27,8.42,8.36,8.87,8.31,1051849,897609917.8,6.49,-3.13,-0.27,17.25
盈方微,000670,2022-10-28,8.44,9.2,9.2,8.38,1396118,1264928748.58,9.81,10.05,0.84,22.89
盈方微,000670,2022-10-31,9.2,9.79,10.1,9.0,1724529,1657636004.07,11.96,6.41,0.59,28.28
盈方微,000670,2022-11-01,9.39,9.72,9.91,9.19,1372281,1310809156.28,7.35,-0.72,-0.07,22.5
盈方微,000670,2022-11-03,8.75,9.99,10.5,8.75,1558321,1480239208.68,18.0,2.78,0.27,25.55
盈方微,000670,2022-11-04,9.45,9.4,9.92,9.1,1435928,1374110054.13,8.21,-5.91,-0.59,23.55
盈方微,000670,2022-11-07,9.18,9.06,9.4,8.96,1024852,939452565.51,4.68,-3.62,-0.34,16.81
盈方微,000670,2022-11-08,9.0,8.81,9.11,8.75,743334,659329198.79,3.97,-2.76,-0.25,12.19
盈方微,000670,2022-11-09,8.84,9.5,9.68,8.65,1332063,1219460168.99,11.69,7.83,0.69,21.84
盈方微,000670,2022-11-10,9.2,9.15,9.65,9.12,1171436,1093182982.68,5.58,-3.68,-0.35,19.21
盈方微,000670,2022-11-11,9.31,9.15,9.51,8.99,1052770,973872797.52,5.68,0.0,0.0,17.26
盈方微,000670,2022-11-14,8.9,8.82,9.14,8.75,648859,578100849.88,4.26,-3.61,-0.33,10.64
盈方微,000670,2022-11-15,8.76,9.08,9.39,8.73,907130,827730805.12,7.48,2.95,0.26,14.87
盈方微,000670,2022-11-16,8.94,8.81,9.09,8.77,639819,569564037.44,3.52,-2.97,-0.27,10.49
盈方微,000670,2022-11-17,8.77,8.73,8.83,8.41,678807,585246924.07,4.77,-0.91,-0.08,11.13
盈方微,000670,2022-11-18,8.73,8.29,8.83,8.23,620214,529734934.49,6.87,-5.04,-0.44,10.17
盈方微,000670,2022-11-21,8.18,8.28,8.39,8.1,404871,333403732.66,3.5,-0.12,-0.01,6.64
盈方微,000670,2022-11-22,8.2,8.1,8.43,8.1,440988,364077779.05,3.99,-2.17,-0.18,7.23
盈方微,000670,2022-11-23,8.03,7.88,8.08,7.64,499197,390672030.79,5.43,-2.72,-0.22,8.19
盈方微,000670,2022-11-24,7.98,8.08,8.24,7.89,469559,380407069.45,4.44,2.54,0.2,7.7
盈方微,000670,2022-11-25,8.06,7.91,8.2,7.9,336193,269711238.39,3.71,-2.1,-0.17,5.51
盈方微,000670,2022-11-28,7.8,8.1,8.13,7.68,335370,268512645.18,5.69,2.4,0.19,5.5
盈方微,000670,2022-11-29,8.11,8.16,8.3,8.03,383137,312311938.1,3.33,0.74,0.06,6.28
盈方微,000670,2022-11-30,8.14,8.36,8.42,8.08,533896,441564386.49,4.17,2.45,0.2,8.75
盈方微,000670,2022-12-01,8.36,8.26,8.41,8.17,512028,424564214.75,2.87,-1.2,-0.1,8.4
盈方微,000670,2022-12-02,8.22,8.14,8.26,8.12,290124,237236586.65,1.69,-1.45,-0.12,4.76
盈方微,000670,2022-12-05,8.18,8.16,8.21,8.07,249709,203103952.87,1.72,0.25,0.02,4.09
盈方微,000670,2022-12-06,8.15,8.46,8.69,8.1,765417,645274648.46,7.23,3.68,0.3,12.55
盈方微,000670,2022-12-07,8.31,8.12,8.31,8.09,522486,426639447.21,2.6,-4.02,-0.34,8.57
盈方微,000670,2022-12-08,8.11,7.88,8.11,7.87,369928,294749189.0,2.96,-2.96,-0.24,6.07
盈方微,000670,2022-12-09,7.86,7.82,8.01,7.78,280483,221564254.03,2.92,-0.76,-0.06,4.6
盈方微,000670,2022-12-12,7.73,7.84,8.02,7.71,288689,226727181.81,3.96,0.26,0.02,4.73
盈方微,000670,2022-12-13,7.8,7.66,7.82,7.65,288208,222374389.0,2.17,-2.3,-0.18,4.73
盈方微,000670,2022-12-14,7.95,7.95,8.27,7.91,694731,561459919.2,4.7,3.79,0.29,11.39
盈方微,000670,2022-12-15,7.73,8.29,8.63,7.68,956103,788057242.64,11.95,4.28,0.34,15.68
盈方微,000670,2022-12-16,8.16,7.87,8.16,7.82,619604,491696474.94,4.1,-5.07,-0.42,10.16
盈方微,000670,2022-12-19,7.77,7.7,7.89,7.68,301628,233191569.97,2.67,-2.16,-0.17,4.95
盈方微,000670,2022-12-20,7.66,7.72,7.83,7.65,223884,172999388.26,2.34,0.26,0.02,3.67
盈方微,000670,2022-12-21,7.69,7.33,7.77,7.28,344036,257438332.93,6.35,-5.05,-0.39,5.64
盈方微,000670,2022-12-22,7.32,7.1,7.37,7.08,276775,199528255.82,3.96,-3.14,-0.23,4.54
盈方微,000670,2022-12-23,7.07,7.28,7.51,6.98,304015,217281985.01,7.46,2.54,0.18,4.99
盈方微,000670,2022-12-26,7.2,7.35,7.41,7.17,245181,179705290.42,3.3,0.96,0.07,4.02
盈方微,000670,2022-12-27,7.29,7.38,7.53,7.2,338511,248876052.71,4.49,0.41,0.03,5.55
盈方微,000670,2022-12-28,7.31,7.12,7.33,7.12,233365,168188100.2,2.85,-3.52,-0.26,3.83
盈方微,000670,2022-12-29,7.12,7.02,7.2,7.02,178474,126844583.0,2.53,-1.4,-0.1,2.93
盈方微,000670,2022-12-30,7.09,7.02,7.13,6.98,140586,98805302.54,2.14,0.0,0.0,2.31
盈方微,000670,2023-01-03,6.99,7.23,7.27,6.97,253806,181763339.5,4.27,2.99,0.21,4.16
盈方微,000670,2023-01-04,7.19,7.56,7.95,7.19,672859,510743020.8,10.51,4.56,0.33,11.03
盈方微,000670,2023-01-05,7.42,7.57,7.76,7.39,518214,391660912.99,4.89,0.13,0.01,8.5
盈方微,000670,2023-01-06,7.55,7.41,7.61,7.41,289543,217065741.0,2.64,-2.11,-0.16,4.75
盈方微,000670,2023-01-09,7.4,7.42,7.55,7.39,183838,136978729.1,2.16,0.13,0.01,3.01
盈方微,000670,2023-01-10,7.47,7.7,7.88,7.38,599029,458484673.43,6.74,3.77,0.28,9.82
盈方微,000670,2023-01-11,7.6,7.98,8.38,7.59,775855,625358126.23,10.26,3.64,0.28,12.72
盈方微,000670,2023-01-12,7.77,7.83,7.95,7.65,471490,367938692.39,3.76,-1.88,-0.15,7.73
盈方微,000670,2023-01-13,8.05,8.61,8.61,7.94,866304,728666823.74,8.56,9.96,0.78,14.21
盈方微,000670,2023-01-16,8.83,9.47,9.47,8.48,1649985,1489055767.19,11.5,9.99,0.86,27.06
盈方微,000670,2023-01-17,9.11,9.24,9.97,9.0,1658270,1556959931.28,10.24,-2.43,-0.23,27.19
盈方微,000670,2023-01-18,9.3,9.12,9.78,8.91,1698658,1595723636.2,9.42,-1.3,-0.12,27.85
盈方微,000670,2023-01-19,9.27,8.53,9.49,8.49,1561723,1409761457.61,10.96,-6.47,-0.59,25.61
盈方微,000670,2023-01-20,8.33,8.14,8.55,8.05,1058196,871024295.45,5.86,-4.57,-0.39,17.35
盈方微,000670,2023-01-30,8.26,8.38,8.42,8.15,728886,604563839.41,3.32,2.95,0.24,11.95
盈方微,000670,2023-01-31,8.3,9.22,9.22,8.25,887586,773914644.14,11.58,10.02,0.84,14.55
盈方微,000670,2023-02-01,9.28,9.63,9.87,9.12,1768432,1680097797.2,8.13,4.45,0.41,29.0
盈方微,000670,2023-02-02,9.5,9.36,10.24,9.25,1518504,1458281170.79,10.28,-2.8,-0.27,24.9
盈方微,000670,2023-02-03,9.24,9.18,9.37,9.05,802992,736157691.87,3.42,-1.92,-0.18,13.17
盈方微,000670,2023-02-06,9.12,9.19,9.44,9.06,659891,607503380.28,4.14,0.11,0.01,10.82
盈方微,000670,2023-02-07,9.16,9.1,9.19,9.05,455803,414577629.65,1.52,-0.98,-0.09,7.47
盈方微,000670,2023-02-08,9.11,8.94,9.29,8.91,500651,454442820.22,4.18,-1.76,-0.16,8.21
盈方微,000670,2023-02-09,8.88,9.25,9.25,8.76,651983,593105823.28,5.48,3.47,0.31,10.69
盈方微,000670,2023-02-10,9.14,9.06,9.27,9.03,432115,394224621.24,2.59,-2.05,-0.19,7.09
盈方微,000670,2023-02-13,9.02,9.09,9.17,8.99,298212,270674888.86,1.99,0.33,0.03,4.89
盈方微,000670,2023-02-14,9.01,9.12,9.31,9.01,453586,415317392.47,3.3,0.33,0.03,7.44
盈方微,000670,2023-02-15,9.05,8.9,9.09,8.8,479991,427578782.53,3.18,-2.41,-0.22,7.87
盈方微,000670,2023-02-16,8.92,8.54,8.98,8.5,499626,437062687.37,5.39,-4.04,-0.36,8.19
盈方微,000670,2023-02-17,8.48,8.48,8.67,8.41,299910,255506825.09,3.04,-0.7,-0.06,4.92
盈方微,000670,2023-02-20,8.45,8.57,8.6,8.35,248818,211193146.75,2.95,1.06,0.09,4.08
盈方微,000670,2023-02-21,8.55,8.62,8.64,8.5,208493,178819920.31,1.63,0.58,0.05,3.42
盈方微,000670,2023-02-22,8.54,8.61,8.71,8.51,222415,191533657.49,2.32,-0.12,-0.01,3.65
盈方微,000670,2023-02-23,8.61,8.48,8.68,8.43,219782,187125452.0,2.9,-1.51,-0.13,3.6
盈方微,000670,2023-02-24,8.55,8.41,8.62,8.4,176395,149645208.39,2.59,-0.83,-0.07,2.89
盈方微,000670,2023-02-27,8.35,8.3,8.43,8.25,164700,137204254.0,2.14,-1.31,-0.11,2.7
盈方微,000670,2023-02-28,8.33,8.42,8.48,8.31,156299,131092630.4,2.05,1.45,0.12,2.56
盈方微,000670,2023-03-01,8.43,8.6,8.66,8.39,313882,268241244.2,3.21,2.14,0.18,5.15
盈方微,000670,2023-03-02,8.55,8.46,8.65,8.45,250532,213838283.0,2.33,-1.63,-0.14,4.11
盈方微,000670,2023-03-03,8.8,8.79,9.08,8.68,693318,614541282.23,4.73,3.9,0.33,11.37
盈方微,000670,2023-03-06,8.67,8.57,8.73,8.51,398803,342426033.71,2.5,-2.5,-0.22,6.54
盈方微,000670,2023-03-07,8.54,8.28,8.54,8.28,302818,253975199.0,3.03,-3.38,-0.29,4.97
盈方微,000670,2023-03-08,8.27,8.37,8.43,8.25,178268,149066823.5,2.17,1.09,0.09,2.92
盈方微,000670,2023-03-09,8.34,8.38,8.54,8.34,235968,199362260.51,2.39,0.12,0.01,3.87
盈方微,000670,2023-03-10,8.3,8.16,8.38,8.15,249323,205504408.14,2.74,-2.63,-0.22,4.09
盈方微,000670,2023-03-13,8.15,8.16,8.2,7.96,234374,189127746.49,2.94,0.0,0.0,3.84
盈方微,000670,2023-03-14,8.17,8.49,8.55,8.04,469259,392069940.19,6.25,4.04,0.33,7.69
盈方微,000670,2023-03-15,8.42,8.82,9.22,8.39,848147,754028807.29,9.78,3.89,0.33,13.91
盈方微,000670,2023-03-16,8.79,9.43,9.7,8.73,1751427,1660371320.83,11.0,6.92,0.61,28.72
盈方微,000670,2023-03-17,9.2,9.26,9.36,8.95,1328418,1216673829.85,4.35,-1.8,-0.17,21.78
盈方微,000670,2023-03-20,9.22,8.99,9.39,8.96,927023,847793957.7,4.64,-2.92,-0.27,15.2
盈方微,000670,2023-03-21,9.0,9.06,9.24,8.8,632125,568843328.05,4.89,0.78,0.07,10.37
盈方微,000670,2023-03-22,9.01,9.06,9.16,8.92,494293,446413521.72,2.65,0.0,0.0,8.11
盈方微,000670,2023-03-23,8.98,9.17,9.22,8.91,679548,620092484.76,3.42,1.21,0.11,11.14
盈方微,000670,2023-03-24,9.12,8.97,9.17,8.95,567064,511749889.56,2.4,-2.18,-0.2,9.3
盈方微,000670,2023-03-27,8.92,8.87,9.02,8.76,413950,367560284.93,2.9,-1.11,-0.1,6.79
盈方微,000670,2023-03-28,8.87,8.54,8.88,8.53,408018,353377820.31,3.95,-3.72,-0.33,6.69
盈方微,000670,2023-03-29,8.54,8.61,8.67,8.36,382817,327088625.7,3.63,0.82,0.07,6.28
盈方微,000670,2023-03-30,8.56,8.44,8.71,8.41,328221,280687382.4,3.48,-1.97,-0.17,5.38
盈方微,000670,2023-03-31,8.44,8.5,8.53,8.33,273658,230767527.83,2.37,0.71,0.06,4.49
盈方微,000670,2023-04-03,8.55,8.75,8.75,8.55,384250,333646255.2,2.35,2.94,0.25,6.3
盈方微,000670,2023-04-04,8.69,8.62,8.85,8.57,450645,392324744.79,3.2,-1.49,-0.13,7.39
盈方微,000670,2023-04-06,8.52,9.04,9.13,8.5,746280,664297541.04,7.31,4.87,0.42,12.24
盈方微,000670,2023-04-07,8.94,8.91,8.98,8.8,413413,367375421.67,1.99,-1.44,-0.13,6.78
盈方微,000670,2023-04-10,8.84,8.44,8.91,8.38,445698,383459199.34,5.95,-5.27,-0.47,7.31
盈方微,000670,2023-04-11,8.49,8.46,8.55,8.38,229061,193950497.4,2.01,0.24,0.02,3.76
盈方微,000670,2023-04-12,8.49,8.39,8.49,8.36,271960,228509704.0,1.54,-0.83,-0.07,4.46
盈方微,000670,2023-04-13,8.33,8.1,8.36,8.1,346350,283826398.0,3.1,-3.46,-0.29,5.68
盈方微,000670,2023-04-14,8.15,8.3,8.35,8.08,315996,260476006.0,3.33,2.47,0.2,5.18
盈方微,000670,2023-04-17,8.26,8.17,8.31,8.12,210055,172121685.0,2.29,-1.57,-0.13,3.44
盈方微,000670,2023-04-18,8.13,8.03,8.14,7.99,203263,163293064.93,1.84,-1.71,-0.14,3.33
盈方微,000670,2023-04-19,8.06,8.04,8.13,8.03,176005,142096200.1,1.25,0.12,0.01,2.89
盈方微,000670,2023-04-20,8.04,7.84,8.04,7.81,258371,203667131.0,2.86,-2.49,-0.2,4.24
盈方微,000670,2023-04-21,7.8,7.5,7.91,7.47,308231,235171895.74,5.61,-4.34,-0.34,5.05
盈方微,000670,2023-04-24,7.53,7.46,7.59,7.42,142195,106430663.0,2.27,-0.53,-0.04,2.33
盈方微,000670,2023-04-25,7.42,7.24,7.45,7.1,205196,148877114.86,4.69,-2.95,-0.22,3.36
盈方微,000670,2023-04-26,7.14,7.27,7.33,7.14,140249,102072651.64,2.62,0.41,0.03,2.3
盈方微,000670,2023-04-27,7.27,7.11,7.31,7.06,181496,130290656.64,3.44,-2.2,-0.16,2.98
盈方微,000670,2023-04-28,7.0,7.3,7.34,7.0,191846,138924536.3,4.78,2.67,0.19,3.15
盈方微,000670,2023-05-04,7.3,7.21,7.3,7.14,146949,106097798.6,2.19,-1.23,-0.09,2.41
盈方微,000670,2023-05-05,7.17,7.11,7.26,7.08,116969,83607684.0,2.5,-1.39,-0.1,1.92
盈方微,000670,2023-05-08,7.13,7.23,7.27,7.13,127743,92078557.2,1.97,1.69,0.12,2.09
盈方微,000670,2023-05-09,7.25,7.1,7.29,7.06,173018,124146344.0,3.18,-1.8,-0.13,2.84
盈方微,000670,2023-05-10,7.12,7.15,7.16,7.0,125022,88571881.0,2.25,0.7,0.05,2.05
盈方微,000670,2023-05-11,7.16,7.21,7.22,7.1,116101,83327008.52,1.68,0.84,0.06,1.9
盈方微,000670,2023-05-12,7.21,7.26,7.43,7.18,228659,166947629.0,3.47,0.69,0.05,3.75
盈方微,000670,2023-05-15,7.23,7.24,7.25,7.12,127647,91727745.0,1.79,-0.28,-0.02,2.09
盈方微,000670,2023-05-16,7.21,7.35,7.43,7.09,264661,192160521.58,4.7,1.52,0.11,4.34
盈方微,000670,2023-05-17,7.21,7.29,7.44,7.18,218697,160082522.14,3.54,-0.82,-0.06,3.59
盈方微,000670,2023-05-18,7.27,7.14,7.27,7.13,191474,137784505.0,1.92,-2.06,-0.15,3.14
盈方微,000670,2023-05-19,7.15,7.24,7.3,7.15,164504,119009326.69,2.1,1.4,0.1,2.7
盈方微,000670,2023-05-22,7.18,7.1,7.22,7.05,195836,138975702.37,2.35,-1.93,-0.14,3.21
盈方微,000670,2023-05-23,7.1,6.97,7.12,6.96,132655,93015615.0,2.25,-1.83,-0.13,2.18
盈方微,000670,2023-05-24,6.94,6.92,7.03,6.85,142074,98444967.0,2.58,-0.72,-0.05,2.33
盈方微,000670,2023-05-25,6.91,6.71,6.95,6.5,316127,210910498.9,6.5,-3.03,-0.21,5.18
盈方微,000670,2023-05-26,6.71,6.63,6.73,6.57,149706,99195130.0,2.38,-1.19,-0.08,2.45
盈方微,000670,2023-05-29,6.62,6.59,6.78,6.58,160962,107520313.03,3.02,-0.6,-0.04,2.64
盈方微,000670,2023-05-30,6.57,6.62,6.64,6.42,158115,102971715.03,3.34,0.46,0.03,2.59
盈方微,000670,2023-05-31,6.62,6.68,6.73,6.56,140083,93083921.75,2.57,0.91,0.06,2.3
盈方微,000670,2023-06-01,6.66,6.92,7.12,6.56,383146,263252799.86,8.38,3.59,0.24,6.28
盈方微,000670,2023-06-02,6.85,6.84,6.92,6.82,186467,127905517.09,1.45,-1.16,-0.08,3.06
盈方微,000670,2023-06-05,6.83,6.78,6.93,6.77,147330,100778360.2,2.34,-0.88,-0.06,2.42
盈方微,000670,2023-06-06,6.7,6.45,6.74,6.43,235589,154679182.03,4.57,-4.87,-0.33,3.86
盈方微,000670,2023-06-07,6.45,6.4,6.55,6.38,130792,84245170.0,2.64,-0.78,-0.05,2.14
盈方微,000670,2023-06-08,6.42,6.24,6.42,6.22,174451,109664706.1,3.13,-2.5,-0.16,2.86
盈方微,000670,2023-06-09,6.24,6.29,6.3,6.16,140587,87586347.48,2.24,0.8,0.05,2.31
盈方微,000670,2023-06-12,6.28,6.31,6.35,6.23,126478,79643934.96,1.91,0.32,0.02,2.07
盈方微,000670,2023-06-13,6.3,6.37,6.39,6.26,117064,74173758.5,2.06,0.95,0.06,1.92
盈方微,000670,2023-06-14,6.37,6.38,6.43,6.31,124609,79222654.0,1.88,0.16,0.01,2.04
盈方微,000670,2023-06-15,6.4,6.32,6.43,6.28,116511,73820006.0,2.35,-0.94,-0.06,1.91
盈方微,000670,2023-06-16,6.33,6.42,6.45,6.26,159743,101816600.6,3.01,1.58,0.1,2.62
盈方微,000670,2023-06-19,6.39,6.41,6.5,6.38,134690,86660700.0,1.87,-0.16,-0.01,2.21
盈方微,000670,2023-06-20,6.39,6.32,6.43,6.27,137749,87252388.5,2.5,-1.4,-0.09,2.26
盈方微,000670,2023-06-21,6.31,6.11,6.31,6.11,163053,100811326.0,3.16,-3.32,-0.21,2.67
盈方微,000670,2023-06-26,6.09,6.03,6.14,5.98,138634,83929251.66,2.62,-1.31,-0.08,2.27
盈方微,000670,2023-06-27,6.06,6.13,6.16,6.02,94417,57686204.0,2.32,1.66,0.1,1.55
盈方微,000670,2023-06-28,6.12,6.01,6.14,5.9,164975,98801672.0,3.92,-1.96,-0.12,2.71
盈方微,000670,2023-06-29,6.01,6.05,6.15,6.0,95972,58331693.0,2.5,0.67,0.04,1.57
盈方微,000670,2023-06-30,6.02,6.18,6.2,6.02,146926,90413907.0,2.98,2.15,0.13,2.41
盈方微,000670,2023-07-03,6.22,6.19,6.25,6.17,100049,62015675.0,1.29,0.16,0.01,1.64
盈方微,000670,2023-07-04,6.2,6.3,6.33,6.17,133631,83703134.0,2.58,1.78,0.11,2.19
盈方微,000670,2023-07-05,6.3,6.22,6.37,6.2,99517,62442137.0,2.7,-1.27,-0.08,1.63
盈方微,000670,2023-07-06,6.2,6.26,6.33,6.17,110896,69533090.2,2.57,0.64,0.04,1.82
盈方微,000670,2023-07-07,6.23,6.14,6.25,6.12,95311,58771619.0,2.08,-1.92,-0.12,1.56
盈方微,000670,2023-07-10,6.16,6.15,6.23,6.14,66855,41293894.0,1.47,0.16,0.01,1.1
盈方微,000670,2023-07-11,6.19,6.77,6.77,6.16,290521,193008297.97,9.92,10.08,0.62,4.76
盈方微,000670,2023-07-12,6.77,6.92,7.15,6.69,1033561,715207431.25,6.79,2.22,0.15,16.95
盈方微,000670,2023-07-13,6.77,7.19,7.6,6.63,909248,651323015.16,14.02,3.9,0.27,14.91
盈方微,000670,2023-07-14,7.09,6.93,7.32,6.91,638071,448548989.47,5.7,-3.62,-0.26,10.46
盈方微,000670,2023-07-17,6.85,6.98,7.04,6.8,378579,262435998.0,3.46,0.72,0.05,6.21
盈方微,000670,2023-07-18,6.92,7.1,7.33,6.85,561283,400634511.8,6.88,1.72,0.12,9.2
盈方微,000670,2023-07-19,6.98,6.95,7.07,6.85,368376,255072815.66,3.1,-2.11,-0.15,6.04
盈方微,000670,2023-07-20,6.94,6.68,6.95,6.67,357567,242409108.5,4.03,-3.88,-0.27,5.86
盈方微,000670,2023-07-21,6.79,7.35,7.35,6.72,446121,321348303.95,9.43,10.03,0.67,7.32
盈方微,000670,2023-07-24,7.32,7.66,7.86,7.21,1221396,920746077.97,8.84,4.22,0.31,20.03
盈方微,000670,2023-07-25,7.49,7.65,7.8,7.37,889875,671393698.04,5.61,-0.13,-0.01,14.59
盈方微,000670,2023-07-26,7.52,7.41,7.61,7.38,491901,366652824.82,3.01,-3.14,-0.24,8.07
盈方微,000670,2023-07-27,7.37,7.27,7.48,7.24,374234,274490724.37,3.24,-1.89,-0.14,6.14
盈方微,000670,2023-07-28,7.31,7.21,7.4,7.04,330928,237074614.68,4.95,-0.83,-0.06,5.43
盈方微,000670,2023-07-31,6.81,6.67,6.86,6.49,752562,502158384.69,5.13,-7.49,-0.54,12.34
盈方微,000670,2023-08-01,6.68,6.56,6.75,6.52,407421,267898041.32,3.45,-1.65,-0.11,6.68
盈方微,000670,2023-08-02,6.5,6.4,6.5,6.38,315649,202445155.83,1.83,-2.44,-0.16,5.18
盈方微,000670,2023-08-03,6.45,6.4,6.45,6.38,182065,116610304.0,1.09,0.0,0.0,2.99
盈方微,000670,2023-08-04,6.42,6.43,6.43,6.38,195584,125371562.97,0.78,0.47,0.03,3.21
盈方微,000670,2023-08-07,6.43,6.5,6.51,6.38,261001,168434923.03,2.02,1.09,0.07,4.28
盈方微,000670,2023-08-08,6.49,6.27,6.49,6.24,298901,188973151.5,3.85,-3.54,-0.23,4.9
盈方微,000670,2023-08-09,6.28,6.22,6.29,6.2,128673,80321588.88,1.44,-0.8,-0.05,2.11
盈方微,000670,2023-08-10,6.24,6.2,6.26,6.19,115694,71930382.31,1.13,-0.32,-0.02,1.9
盈方微,000670,2023-08-11,6.19,6.12,6.22,6.11,140119,86311143.76,1.77,-1.29,-0.08,2.3
盈方微,000670,2023-08-14,6.11,6.17,6.17,6.04,107952,66058756.31,2.12,0.82,0.05,1.77
盈方微,000670,2023-08-15,6.17,6.09,6.2,6.06,99142,60625812.31,2.27,-1.3,-0.08,1.63
盈方微,000670,2023-08-16,6.05,6.03,6.12,6.03,93304,56593451.04,1.48,-0.99,-0.06,1.53
盈方微,000670,2023-08-17,6.03,6.09,6.1,5.95,106892,64714624.0,2.49,1.0,0.06,1.75
盈方微,000670,2023-08-18,6.09,6.09,6.23,6.07,173926,106933979.64,2.63,0.0,0.0,2.85
盈方微,000670,2023-08-21,6.0,5.96,6.07,5.96,133388,80046506.93,1.81,-2.13,-0.13,2.19
盈方微,000670,2023-08-22,5.99,6.04,6.04,5.91,122446,73139996.09,2.18,1.34,0.08,1.7
盈方微,000670,2023-08-23,6.04,5.87,6.04,5.85,119736,70969651.0,3.15,-2.81,-0.17,1.66
盈方微,000670,2023-08-24,5.86,5.77,5.9,5.63,151790,87664065.0,4.6,-1.7,-0.1,2.1
盈方微,000670,2023-08-25,5.74,5.58,5.74,5.54,150572,84770568.59,3.47,-3.29,-0.19,2.09
盈方微,000670,2023-08-28,5.85,5.69,5.87,5.65,203750,117849867.06,3.94,1.97,0.11,2.82
盈方微,000670,2023-08-29,5.66,5.83,5.85,5.66,162307,93921740.42,3.34,2.46,0.14,2.25
盈方微,000670,2023-08-30,5.85,6.41,6.41,5.85,603751,381643792.36,9.61,9.95,0.58,8.36
盈方微,000670,2023-08-31,6.41,6.48,6.66,6.26,795023,509387068.4,6.24,1.09,0.07,11.01
盈方微,000670,2023-09-01,6.35,6.25,6.35,6.21,368679,231244786.04,2.16,-3.55,-0.23,5.11
盈方微,000670,2023-09-04,6.26,6.41,6.5,6.22,443521,282007125.95,4.48,2.56,0.16,6.14
盈方微,000670,2023-09-05,6.36,6.46,6.57,6.32,484954,313764947.97,3.9,0.78,0.05,6.72
盈方微,000670,2023-09-06,6.36,6.7,6.83,6.32,676989,447190733.95,7.89,3.72,0.24,9.38
盈方微,000670,2023-09-07,6.55,6.41,6.56,6.38,410968,265355870.56,2.69,-4.33,-0.29,5.69
盈方微,000670,2023-09-08,6.44,6.42,6.52,6.35,266041,171125110.11,2.65,0.16,0.01,3.68
盈方微,000670,2023-09-11,6.41,6.31,6.45,6.29,238879,151313785.56,2.49,-1.71,-0.11,3.31
盈方微,000670,2023-09-12,6.31,6.27,6.34,6.25,186498,117053137.87,1.43,-0.63,-0.04,2.58
盈方微,000670,2023-09-13,6.27,6.15,6.29,6.09,185997,114805683.42,3.19,-1.91,-0.12,2.58
盈方微,000670,2023-09-14,6.15,6.06,6.19,6.03,128571,78162897.24,2.6,-1.46,-0.09,1.78
盈方微,000670,2023-09-15,6.09,6.22,6.31,6.0,276902,171170301.3,5.12,2.64,0.16,3.83
盈方微,000670,2023-09-18,6.18,6.07,6.19,6.03,176378,107367986.98,2.57,-2.41,-0.15,2.44
盈方微,000670,2023-09-19,6.06,5.99,6.07,5.94,127278,76364326.0,2.14,-1.32,-0.08,1.76
盈方微,000670,2023-09-20,5.98,5.98,6.07,5.96,122313,73507151.0,1.84,-0.17,-0.01,1.69
盈方微,000670,2023-09-21,5.94,5.92,6.03,5.91,101473,60408165.2,2.01,-1.0,-0.06,1.41
盈方微,000670,2023-09-22,5.93,6.06,6.06,5.89,145612,87417258.83,2.87,2.36,0.14,2.02
盈方微,000670,2023-09-25,6.1,5.96,6.1,5.94,135786,81230443.0,2.64,-1.65,-0.1,1.88
盈方微,000670,2023-09-26,5.92,5.89,5.95,5.88,88704,52373902.23,1.17,-1.17,-0.07,1.23
盈方微,000670,2023-09-27,5.87,5.89,5.97,5.85,84516,49954650.91,2.04,0.0,0.0,1.17
盈方微,000670,2023-09-28,5.94,6.03,6.06,5.93,143297,86133508.97,2.21,2.38,0.14,1.98
盈方微,000670,2023-10-09,6.04,6.02,6.13,5.97,157925,95435509.0,2.65,-0.17,-0.01,2.19
盈方微,000670,2023-10-10,6.02,6.14,6.2,6.01,256197,156822574.4,3.16,1.99,0.12,3.55
盈方微,000670,2023-10-11,6.12,6.27,6.3,6.06,313970,193656371.2,3.91,2.12,0.13,4.35
盈方微,000670,2023-10-12,6.2,6.18,6.24,6.13,201082,124011161.4,1.75,-1.44,-0.09,2.78
盈方微,000670,2023-10-13,6.19,6.33,6.4,6.13,353352,221649667.49,4.37,2.43,0.15,4.89
盈方微,000670,2023-10-16,6.25,6.16,6.34,6.13,197261,122598140.0,3.32,-2.69,-0.17,2.73
盈方微,000670,2023-10-17,6.16,6.46,6.66,6.11,556785,355987305.28,8.93,4.87,0.3,7.71
盈方微,000670,2023-10-18,6.37,6.33,6.5,6.33,294876,188288821.04,2.63,-2.01,-0.13,4.08
盈方微,000670,2023-10-19,6.24,6.96,6.96,6.24,859144,581312527.95,11.37,9.95,0.63,11.9
盈方微,000670,2023-10-20,6.91,6.67,7.05,6.62,959898,647880818.29,6.18,-4.17,-0.29,13.29
盈方微,000670,2023-10-23,6.62,6.58,6.7,6.46,561219,369625599.01,3.6,-1.35,-0.09,7.77
盈方微,000670,2023-10-24,6.59,6.72,6.88,6.33,688590,456933501.03,8.36,2.13,0.14,9.54
盈方微,000670,2023-10-25,6.6,6.93,7.19,6.51,827875,565856136.54,10.12,3.13,0.21,11.46
盈方微,000670,2023-10-26,6.76,6.81,6.86,6.62,567295,382719488.68,3.46,-1.73,-0.12,7.86
盈方微,000670,2023-10-27,6.75,6.9,7.03,6.71,581730,400242830.48,4.7,1.32,0.09,8.06
盈方微,000670,2023-10-30,6.79,6.75,6.96,6.73,483013,329752223.4,3.33,-2.17,-0.15,6.69
盈方微,000670,2023-10-31,6.74,6.54,6.74,6.5,455529,299947633.0,3.56,-3.11,-0.21,6.31
盈方微,000670,2023-11-01,6.58,7.19,7.19,6.58,501709,356703585.91,9.33,9.94,0.65,6.95
盈方微,000670,2023-11-02,7.29,7.05,7.49,7.02,1225814,885180561.37,6.54,-1.95,-0.14,16.98
